id,name,Ingredient Portuguese,ingredient Spanish
8,2-3 drops cilantro,2-3 gotas de coentro,2-3 gotas de cilantro
9,2-3 drops melaleuca,2-3 gotas de tea tree,2-3  gotas de melaleuca
11,1-2 drops copaiba,1-2 gotas de copaíba,1-2 gotas de copaiba
18,30 drops Deep Blue®,30 gotas de Deep Blue®,30 gotas de Deep Blue®
25,1-2 cups Epsom salts,1-2 xícaras de sais de Epsom,1-2 tazas de sal de Epsom
26,11 drops copaiba,11 gotas de copaíba,11 gotas de copaiba
29,2 drops lemon (tonic for the liver),2 gotas de limão siciliano (tônico para o fígado),12 gotas de limón (tónico para el hígado)
30,2 drops grapefruit (dissolves toxins stored in fat cells),2 gotas de toranja (dissolve toxinas armazenadas nas células adiposas),12 gotas de toronja (disuelve las toxinas almacenadas en las células)
31,2 drops ginger (digestive support),2 gotas de gengibre (suporte digestivo),2 gotas de jengibre (ayuda con la digestión)
32,1 drop cinnamon (regulates blood sugar levels),1 gota de canela (regula os níveis de açúcar no sangue),1 gota de canela (regula los niveles de azúcar en la sangre)
40,3 drops coriander or basil,3 gotas de coentro ou manjericão,3 gotas de semilla de cilantro o albahaca
41,3 drops Slim & Sassy®,3 gotas de Slim & Sassy®,3 gotas de Slim & Sassy®
47,1/2 cup warm water,1/2 xícara de água morna,1/2 de agua tibia
48,1 tsp raw honey or agave,1 colher de chá de mel cru ou agave,1 cdta. de miel o agave
55,1-2 drops melissa,1-2 gotas de melissa,1-2 gotas de melissa
57,1-2 drops patchouli,1-2 gotas de patchouli,1-2 gotas de pachuli
63,9 drops cassia,9 gotas de cássia,9 gotas de casia
64,8 drops clove,8 gotas de cravo,8 gotas de clavo
65,6 drops cinnamon,6 gotas de canela,6 gotas de canela
66,4 drops oregano,4 gotas de orégano,4 gotas de orégano
80,4 drops cellular complex blend,4 gotas de mix de complexo celular,4 gotas de mezcla compleja celular
82,2-3 drops clove,2-3 gotas de cravo,2-3 gotas de clavo
83,2-3 drops grapefruit,2-3 gotas de toranja,2-3 gotas de toronja
84,2-3 drops lavender,2-3 gotas de lavanda,2-3 gotas de lavanda
85,2-3 drops cellular complex blend,2-3 gotas de mix de complexo celular,2-3 gotas de mezcla compleja celular
87,5-6 drops clove or thyme,5-6 gotas de cravo ou tomilho,5-6 gotas de clavo o tomillo
88,5-6 drops frankincense,5-6 gotas de olíbano,5-6 gotas de incienso
89,5-6 drops lemongrass,5-6 gotas de capim limão,5-6 gotas de lemongrass
90,5-6 drops rosemary,5-6 gotas de alecrim,5-6 gotas de romero
91,5-6 drops sandalwood,5-6 gotas de sândalo,5-6 gotas de sándalo
95,3 drops cilantro,3 gotas de coentro,3 gotas de cilantro
97,1 tablespoon organic apple cider vinegar,1 colher de sopa de vinagre de maçã orgânico,1 cda. de vinagre de manzana orgánico
98,1 teaspoon honey,1 colher de chá de mel,1 cdta. de miel
99,2 drops lemon ,2 gotas de limão siciliano,2 gotas de limón
100,2 drops ginger ,2 gotas de gengibre,2 gotas de jengibre
101,1 drop cinnamon ,1 gota de canela,1 gota de canela
102,10 ounces warm water,10 onças de água morna,295 ml (10 onzas) de agua tibia
103,½ cup of aluminum-free baking soda,½ xícara de bicarbonato de sódio sem alumínio,½ taza de bicarbonato sin aluminio
104,2-3 tablespoons of carrier oil,2-3 colheres de sopa de óleo carreador,2-3 cucharadas de aceite portador
108,2 tsp fractionated coconut oil,2 colheres de chá de óleo de coco fracionado,2 cdta. de aceite de coco fraccionado
109,2 drops grapefruit or tangerine,2 gotas de toranja ou tangerina,2 gotas de toronja o mandarina
111,2 drops blue tansy,2 gotas de tanaceto azul,2 gotas de tanaceto azul
114,5 drops coriander,5 gotas de coentro,5 gotas de semilla de cilantro
115,4 drops green mandarin,4 gotas de mandarina verde,4 gotas de mandarina verde
116,4 drops DigestZen®,4 gotas de DigestZen®,4 gotas de DigestZen®
127,2 drops ginger,2 gotas de gengibre,2 gotas de jengibre
131,14 drops cypress,14 gotas de cipreste,14 gotas de ciprés
134,12 drops vetiver,12 gotas de vetiver,12 gotas de vetiver
135,18 drops Roman chamomile,18 gotas de camomila romana,18 gotas de manzanilla romana
141,"1-3 drops basil, cinnamon, grapefruit, thyme, Slim & Sassy®","1-3 gotas de manjericão, canela, toranja, tomilho, Slim & Sassy®","1-3 gotas de albahaca, canela, toronja, tomillo, Slim & Sassy®"
145,7 drops rosemary,7 gotas de alecrim,7 gotas de romero
146,20 drops clove,20 gotas de cravo,20 gotas de clavo
147,20 drops myrrh,20 gotas de mirra,20 gotas de mirra
150,30 drops basil,30 gotas de manjericão,30 gotas de albahaca
151,25 drops vetiver,25 gotas de vetiver,25 gotas de vetiver
152,25 drops cypress,25 gotas de cipreste,25 gotas de ciprés
153,6 drops Slim & Sassy®,6 gotas de Slim & Sassy®,6 gotas de Slim & Sassy®
156,12 drops sandalwood,12 gotas de sândalo,12 gotas de sándalo
159,1 drop jasmine,1 gota de jasmim,1 gota de jazmín
160,1 drops frankincense,1 gota de olíbano,1 gota de incienso
161,1 drops peppermint,1 gota de hortelã-pimenta,1 gota de menta
163,2 drops rose or geranium,2 gotas de rosa ou gerânio,2 gotas de rosa o geranio
166,3 drops clary sage,3 gotas de sálvia esclareia,2 gotas de salvia
168,20 drops wild orange oil,20 gotas de laranja lima,20 gotas de aceite de naranja silvestre
172,5 drops helichrysum,5 gotas de immortelle,5 gotas de helicriso
191,2 drops cedarwood ,2 gotas de cedro,2 gotas de cedro
192,2 drops lavender ,2 gotas de lavanda,2 gotas de lavanda
193,1 drop Roman chamomile ,1 gota de camomila romana,1 gota de manzanilla romana
194,1 drop sandalwood ,1 gota de sândalo,1 gota de sándalo
195,1 drop vetiver ,1 gota de vetiver,1 gota de vetiver
201,15 drops bergamot,15 gotas de bergamota,15 gotas de bergamota
202,20 drops grapefruit ,20 gotas de toranja,20 gotas de toronja
203,25 drops wild orange,25 gotas de laranja lima,25 gotas de naranja silvestre
204,15 drops frankincense ,15 gotas de olíbano,15 gotas de incienso
206,24 drops rosemary,24 gotas de alecrim,24 gotas de romero
207,18 drops cedarwood,18 gotas de cedro,18 gotas de cedro
208,14 drops geranium,14 gotas de gerânio,14 gotas de geranio
209,12 drops peppermint,12 gotas de hortelã-pimenta,12 gotas de menta
211,40 drops carrier oil,40 gotas de óleo carreador,40 gotas de aceite portador
212,18 drops bergamot,18 gotas de bergamota,18 gotas de bergamota
213,13 drops Siberian or Douglas fir,13 gotas de abeto de Douglas ou abeto siberiano,13 gotas de abeto siberiano o abeto douglas
214,10 drops clove,10 gotas de cravo,10 gotas de clavo
222,2 drops frankincense ,2 gotas de olíbano,2 gotas de incienso
226,1 drops ginger,1 gota de gengibre,1 gota de jengibre
236,8 drops Balance®,8 gotas de Balance®,8 gotas de Balance®
237,8 drops Deep Blue®,8 gotas de Deep Blue®,8 gotas de Deep Blue®
239,6 drops lemongrass,6 gotas de capim limão,6 gotas de lemongrass
241,2 drops spearmint or peppermint,2 gotas de hortelã ou hortelã-pimenta,2 gotas de hierbabuena o menta
246,3 drops cassia or cinnamon,3 gotas de cássia ou canela,3 gotas de casia o canela
247,2 drops On Guard®,2 gotas de On Guard®,2 gotas de On Guard®
248,2 drops melissa,2 gotas de melissa,2 gotas de melisa
253,12 drops Siberian fir,12 gotas de abeto siberiano,12 gotas de abeto siberiano
254,9 drops lemongrass,9 gotas de capim limão,9 gotas de lemongrass
255,6 drops basil,6 gotas de manjericão,6 gotas de albahaca
259,7 drops helichrysum,7 gotas de immortelle,7 gotas de helicriso
260,7 drops patchouli,7 gotas de patchouli,7 gotas de pachuli
262,5 drops Roman chamomile,5 gotas de camomila romana,5 gotas de manzanilla romana
264,2 drops pink pepper,2 gotas de pimenta rosa,2 gotas de pimienta rosa
265,14 drops frankincense,14 gotas de olíbano,14 gotas de incienso
268,8 drops vetiver,8 gotas de vetiver,8 gotas de vetiver
270,2 drops cinnamon or clove,2 gotas de canela ou cravo,20 gotas de canela o clavo
271,2 drops cassia,2 gotas de cássia,2 gotas de casia
272,2 drops oregano or thyme (alternate; use oregano in ten-day cycles; take break for twenty days),2 gotas de orégano ou tomilho (alternativo; use orégano em ciclos de dez dias; faça pausas por vinte dias),"2 gotas de orégano o tomillo (alternar: usar orégano en ciclos de 10 días, descansar por veinte días)"
274,6 drops peppermint,6 gotas de hortelã-pimenta,6 gotas de menta
275,6 drops melaleuca,6 gotas de tea tree,6 gotas de melaleuca
280,4 drops copaiba,4 gotas de copaíba,4 gotas de copaiba
283,3 drops green mandarin,3 gotas de mandarina verde,3 gotas de mandarina verde
285,1 drop melissa,1 gota de melissa,1 gota de melisa
290,25 drops lavender,25 gotas de lavanda,25 gotas de lavanda
291,25 drops helichrysum,25 gotas de immortelle,25 gotas de helicriso
292,25 drops peppermint,25 gotas de hortelã-pimenta,25 gotas de menta
293,5 drops melaleuca ,5 gotas de tea tree,5 gotas de melaleuca
295,3 drops clove ,3 gotas de cravo,3 gotas de clavo
300,8 drops lemongrass,8 gotas de capim limão,8 gotas de lemongrass
308,7 drops peppermint,7 gotas de hortelã-pimenta,7 gotas de menta
311,1 tablespoon beeswax,1 colher de chá de cera de abelha,1 cucharada de cera de abejas
312,4 tablespoons carrier oil,4 colheres de sopa de óleo carreador,4 cucharadas de aceite portador
313,"10-30 drops each of wintergreen, lemongrass, marjoram and/or lavender","10-30 gotas de wintergreen, capim limão, manjerona e/ou lavanda","10-30 gotas de cada uno: gaulteria, lemongrass, mejorana y/o lavanda"
314,2 drops cinnamon,2 gotas de canela,2 gotas de canela
320,12 drops wild orange,12 gotas de laranja lima,12 gotas de naranja silvestre
321,9 drops clary sage,9 gotas de sálvia esclareia,9 gotas de salvia
325,6 drops ylang ylang,6 gotas de ylang ylang,6 gotas de ylang ylang
326,4 drops clary sage,4 gotas de sálvia esclareia,4 gotas de salvia
327,5 drops of TerraShield®,5 gotas de TerraShield®,5 gotas de TerraShield®
329,12 drops clary sage,12 gotas de sálvia esclareia,12 gotas de salvia
330,10 drops fennel,10 gotas de erva-doce,10 gotas de hinojo
331,7 drops geranium,7 gotas de gerânio,7 gotas de geranio
332,8 drops spikenard,8 gotas de nardo,8 gotas de nardo
333,8 drops bergamot,8 gotas de bergamota,8 gotas de bergamota
338,30 drops of Slim & Sassy®,30 gotas de Slim & Sassy®,30 gotas de Slim & Sassy®
339,15 drops eucalyptus,15 gotas de eucalipto,15 gotas de eucalipto
340,15 drops peppermint ,15 gotas de hortelã-pimenta,15 gotas de menta
343,10 drops ClaryCalm®,10 gotas de ClaryCalm®,10 gotas de ClaryCalm®
344,5 drops wintergreen,5 gotas de wintergreen,5 gotas de gaulteria
348,8 drops fennel,8 gotas de erva-doce,8 gotas de hinojo
350,4 drops patchouli,4 gotas de patchouli,4 gotas de pachuli
351,2 ounces carrier oil,2 onças de óleo carreador,60 ml (2 onzas) de aceite portador
352,7 drops basil,7 gotas de manjericão,7 gotas de albahaca
353,6 drops clary sage,6 gotas de sálvia esclareia,6 gotas de salvia
355,2 cups Epsom salt,2 xícaras de sais de Epsom,2 tazas de sal de Epsom
356,1 cups baking soda,1 xícara de bicarbonato de sódio,1 taza de bicarbonato
357,10 drops of Slim & Sassy®,10 gotas de Slim & Sassy®,10 gotas de Slim & Sassy®
365,5 drops grapefruit,5 gotas de toranja,5 gotas de toronja
368,6 drops cleansing blend,6 gotas do mix purificador,6 gotas de mezcla de limpieza
370,5 drops lemongrass,5 gotas de capim limão,5 gotas de lemongrass
375,1 drop cypress,1 gota de cipreste,1 gota de ciprés
377,12 drops invigorating blend,12 gotas do mix revigorante,12 gotas de mezcla tonificante
380,1 cup orange juice,1 xícara de suco de laranja,1 taza de jugo de naranja
381,1/2 cup lemon juice,1/2 xícara de suco de limão,1/2 taza de jugo de limón
382,1/2 cup chopped pineapple,1/2 xícara de abacaxi picado,1/2 taza de piña picada
383,1 tbsp raw honey,1 colher de sopa de mel cru,1 cdta. de miel pura
384,1 tbsp coconut oil,1 colher de sopa de óleo de coco,1 cdta. de aceite de coco
385,1 piece ginger or 1-2 drops of ginger,1 pedaço de gengibre ou 1-2 gotas de gengibre,1 trocito de jengibre o 1-2 gotas de jengibre
386,1/4 tsp cayenne pepper,1/4 de colher de chá de pimenta caiena,1/4 cdta. de pimienta roja
390,10 drops invigorating blend,10 gotas do mix revigorante,10 gotas de mezcla tonificante
393,5 drops grounding blend,5 gotas do mix para aterramento,5 gotas de mezcla de base
394,5 drops restful blend,5 gotas do mix para serenidade,5 gotas de mezcla apacible
395,10 drops lime,10 gotas de limão,5 gotas de lima
398,5 drops black pepper,5 gotas de pimenta preta,5 gotas de pimienta negra
399,18 drops marjoram or thyme,18 gotas de manjerona ou tomilho,18 gotas de mejorana o tomillo
400,12 drops geranium,12 gotas de gerânio,12 gotas de geranio
401,12 drops lavender,12 gotas de lavanda,12 gotas de lavanda
402,8 drops eucalyptus,8 gotas de eucalipto,8 gotas de eucalipto
404,¼ cup cocoa butter ,1/4 xícara de manteiga de cacau,¼ taza de mantequilla de cacao
405,¼ cup coconut oil ,1/4 xícara de óleo de coco,¼ taza de aceite de coco
406,20 drops lavender ,20 gotas de lavanda,20 gotas de lavanda
407,6 drops Douglas fir,6 gotas de abeto de Douglas,6 gotas de abeto douglas
408,6 drops cedarwood,6 gotas de cedro,6 gotas de cedro
410,1/2 cup honey,1/2 xícara de mel,1/2 taza de miel
411,8 drops peppermint,8 gotas de hortelã-pimenta,8 gotas de menta
413,8 drops lavender,8 gotas de lavanda,8 gotas de lavanda
425,7 drops frankincense,7 gotas de olíbano,7 gotas de incienso
426,6 drops Siberian fir,6 gotas de abeto siberiano,6 gotas de abeto siberiano
428,11 drops helichrysum,11 gotas de immortelle,11 gotas de helicriso
433,4 drops Siberian fir,4 gotas de abeto siberiano,4 gotas de abeto siberiano
436,10 drops turmeric,10 gotas de açafrão,10 gotas de cúrcuma
437,2 drops spikenard,2 gotas de nardo,2 gotas de nardo
440,4 drops turmeric,4 gotas de açafrão,4 gotas de cúrcuma
445,8 ml jojoba,8 ml de jojoba,8 ml de jojoba
449,1 drop coriander,1 gota de coentro,1 gota de semilla de cilantro
473,2 drops Slim & Sassy®,2 gotas de Slim & Sassy®,2 gotas de Slim & Sassy®
482,2-3 drops peppermint,2-3 gotas de hortelã-pimenta,2-3 gotas de menta
483,2-3 drops Slim & Sassy®,2-3 gotas de Slim & Sassy®,2-3 gotas de Slim & Sassy®
485,2-3 drops peppermint or beadlets,2-3 gotas de hortelã-pimenta ou grânulos,2-3 gotas de menta o cápsulas
487,1 drop black pepper,1 gota de pimenta preta,1 gota de pimienta negra
491,Wintergreen,Wintergreen,Gaulteria
494,Deep Blue® rub,Esfregar Deep Blue®,Loción de Deep Blue®
495,6 drops Roman chamomile,6 gotas de camomila romana,6 gotas de manzanilla romana
496,4 drops geranium,4 gotas de gerânio,4 gotas de geranio
499,15 drops lavender,15 gotas de lavanda,15 gotas de lavanda
500,15 drops geranium,15 gotas de gerânio,15 gotas de geranio
501,15 drops melaleuca,15 gotas de tea tree,15 gotas de melaleuca
502,15 drops myrrh,15 gotas de mirra,10 gotas de mirra
503,15 drops oregano,15 gotas de orégano,15 gotas de orégano
515,Phytoestrogen Complex,Complexo Fitoestrogênico,Complejo fitoestrógeno
516,2-3 drops geranium,2-3 gotas de gerânio,2-3 gotas de geranio
517,16 drops grapefruit,16 gotas de toranja,16 gotas de toronja
518,Spikenard,Nardo,Nardo
521,2-3 drops copaiba,2-3 gotas de copaíba,2-3 gotas de copaiba
522,2-3 drops marjoram,2-3 gotas de manjerona,2-3 gotas de mejorana
526,9 drops ClaryCalm®,9 gotas de ClaryCalm®,9 gotas de ClaryCalm®
527,9 drops lavender,9 gotas de lavanda,9 gotas de lavanda
528,12 drops tangerine,12 gotas de tangerina,12 gotas de mandarina
533,5 drops Slim & Sassy®,5 gotas de Slim & Sassy®,5 gotas de Slim & Sassy®
534,3 drops Zendocrine®,3 gotas de Zendocrine®,3 gotas de Zendocrine®
535,1-2 capsules TerraZyme®,1-2 cápsulas de TerraZyme®,1-2 cápsulas de TerraZyme®
538,TrimShake®,TrimShake®,TrimShake®
539,TrimShake® Vegan,TrimShake® Vegano,TrimShake® vegano
543,30 drops grapefruit,30 gotas de toranja,30 gotas de toronja
546,20 drops peppermint,20 gotas de hortelã-pimenta,20 gotas de menta
547,10 drops bergamot,10 gotas de bergamota,10 gotas de bergamota
548,4 drops spearmint,4 gotas de hortelã,4 gotas de hierbabuena
550,15 drops basil,15 gotas de manjericão,15 gotas de albahaca
551,15 drops marjoram,15 gotas de manjerona,15 gotas de mejorana
554,1-3 drops grapefruit,1-3 gotas de toranja,1-3 gotas de toronja
555,1-3 drops kumquat,1-3 gotas de laranja quincã,1-3 gotas de quinoto
561,1 teaspoon carrier oil,1 colher de chá de óleo carreador,1 cucharadita de aceite portador
562,1-2 drops grapefruit,1-2 gotas de toranja,1-2 gotas de toronja
567,7 drops bergamot,7 gotas de bergamota,7 gotas de bergamota
568,7 drops grapefruit,7 gotas de toranja,7 gotas de toronja
569,5 drops blue tansy,5 gotas de tanaceto azul,5 gotas de tanaceto azul
570,5 drops wild orange,5 gotas de laranja lima,5 gotas de naranja silvestre
571,5 drops ylang ylang,5 gotas de ylang ylang,5 gotas de ylang ylang
572,12 drops lemon,12 gotas de limão siciliano,12 gotas de limón
574,4 drops cypress,4 gotas de cipreste,4 gotas de ciprés
576,7 drops green mandarin,7 gotas de mandarina verde,7 gotas de mandarina verde
578,7 drops Serenity®,7 gotas de Serenity®,7 gotas de Serenity®
579,7 drops Roman chamomile,7 gotas de camomila romana,7 gotas de manzanilla romana
581,5 drops Serenity®,5 gotas de Serenity®,5 gotas de Serenity®
583,7 drops wild orange,7 gotas de laranja lima,7 gotas de naranja silvestre
584,8 drops lavender (OR Serenity®),8 gotas de lavanda (OU Serenity®),8 gotas de lavanda (o Serenity®)
586,2 drops ylang ylang,2 gotas de ylang ylang,2 gotas de ylang ylang
588,10 drops Balance®,10 gotas de Balance®,10 gotas de Balance®
590,1 drop spearmint,1 gota de hortelã,1 gota de hierbabuena
591,1 drop neroli,1 gota de néroli,1 gota de neroli
592,9 drops sandalwood,9 gotas de sândalo,9 gotas de sándalo
595,10 drops Citrus Bliss®,10 gotas de Citrus Bliss®,10 gotas de Citrus Bliss®
596,10 drops Deep Blue®,10 gotas de Deep Blue®,10 gotas de Deep Blue®
597,3 drops Serenity®,3 gotas de Serenity®,3 gotas de Serenity®
599,2 drops PastTense®,2 gotas de PastTense®,2 gotas de PastTense®
600,4 drops Serenity®,4 gotas de Serenity®,4 gotas de Serenity®
601,4 drops PastTense®,4 gotas de PastTense®,4 gotas de PastTense®
602,4 drops ginger,4 gotas de gengibre,4 gotas de jengibre
603,6 drops wild orange,6 gotas de laranja lima,6 gotas de naranja silvestre
607,5 drops patchouli,5 gotas de patchouli,5 gotas de pachuli
610,20 drops Serenity®,20 gotas de Serenity®,20 gotas de Serenity®
611,10 drops vetiver,10 gotas de vetiver,10 gotas de vetiver
613,3 drops juniper berry,3 gotas de bagas zimbro,3 gotas de enebro
614,3 drops Balance®,3 gotas de Balance®,3 gotas de Balance®
615,3 drops vetiver,3 gotas de vetiver,3 gotas de vetiver
616,3 drops patchouli,3 gotas de patchouli,3 gotas de pachuli
621,1 drop cedarwood,1 gota de cedro,1 gota de cedro
626,8 drops Serenity®,8 gotas de Serenity®,8 gotas de Serenity®
629,1-3 drops Balance®,1-3 gotas de Balance®,1-3 gotas de Balance®
630,1-3 drops Serenity®,1-3 gotas de Serenity®,1-3 gotas de Serenity®
631,3 drops DDR Prime®,3 gotas de DDR Prime®,3 gotas de DDR Prime®
635,1 drop copaiba,1 gota de copaíba,1 gota de copaiba
636,3 drops frankincense,3 gotas de olíbano,3 gotas de incienso
638,1 tbsp jojoba oil,1 colher de sopa de óleo de jojoba,1 cdta. de aceite de jojoba
641,5 drops peppermint,5 gotas de hortelã-pimenta,5 gotas de menta
643,"6-7 drops Slim & Sassy® (includes lemon, grapefruit, ginger, and cinnamon)","6-7 gotas de Slim & Sassy® (inclui limão siciliano, toranja, gengibre e canela)","6-7 gotas de Slim & Sassy® (incluye limón, toronja, jengibre y canela)"
644,Micoplex VMz®,Micoplex VMz®,Micoplex VMz®
666,1 tbsp fractionated coconut oil,1 colher de sopa de óleo de coco fracionado,1 cdta. de aceite de coco fraccionado
671,3-5 drops favorite citrus oil,3-5 gotas do óleo cítrico favorito,3-5 gotas de aceite del cítrico favorito
673,Helichrysum (or lemongrass),Immortelle (ou capim limão),Helicriso (o lemongrass)
676,Deep Blue® (or wintergreen or birch),Deep Blue® (ou wintergreen ou bétula),Deep Blue® (o gaulteria o abedul)
678,Clove (or thyme),Cravo (ou tomilho),Clavo (o tomillo)
685,Birch (or wintergreen),Bétula (ou wintergreen),Abedul (o gaulteria)
705,1 drop Siberian fir,1 gota de abeto siberiano,1 gota de abeto siberiano
707,3-4 drops cypress,3-4 gotas de cipreste,3-4 gotas de ciprés
708,3-4 drops coriander,3-4 gotas de coentro,3-4 gotas de semilla de cilantro
709,3-4 drops Deep Blue®,3-4 gotas de Deep Blue®,3-4 gotas de Deep Blue®
710,1-2 drops cassia or cinnamon,1-2 gotas de cássia ou canela,1-2 gotas de casia o canela
713,ClaryCalm®,ClaryCalm®,ClaryCalm®
720,20 drops Deep Blue®,20 gotas de Deep Blue®,20 gotas de Deep Blue®
728,Vetiver,Vetiver,Vetiver
729,1-3 tsp virgin coconut oil,1-3 colheres de chá de óleo de coco virgem,1-2 cdta. de aceite de coco virgen
732,Immortelle®,Immortelle®,Immortelle®
738,a2z Chewable™,a2z Chewable™,a2z Chewable™
740,PB Assist®,PB Assist®,PB Assist®
741,IQ Mega®,IQ Mega®,IQ Mega®
743,"Cypress, oregano, or wintergreen","Cipreste, orégano ou wintergreen","Ciprés, orégano o gaulteria"
744,Juniper berry or wintergreen,Bagas de zimbro ou wintergreen,Enebro o gaulteria
745,Lime,Limão,Lima
749,TerraShield®,TerraShield®,TerraShield®
750,15 drops lemongrass,15 gotas de capim limão,15 gotas de lemongrass
751,15 drops helichrysum,15 gotas de immortelle,15 gotas de helicriso
752,10 drops basil,10 gotas de manjericão,10 gotas de albahaca
756,10 drops copaiba,10 gotas de copaíba,10 gotas de copaiba
758,GX Assist®,GX Assist®,GX Assist®
765,"Lemongrass, thyme, or oregano","Capim limão, tomilho ou orégano","Lemongrass, tomillo u orégano"
769,1 drop thyme,1 gota de tomilho,1 gota de tomillo
773,1/2 cup aluminum-free baking soda,½ xícara de bicarbonato de sódio sem alumínio,1/2 taza de bicarbonato sin aluminio
774,3 tbsp fractionated coconut oil,3 colheres de sopa de óleo de coco fracionado,3 cdta. de aceite de coco fraccionado
777,3 drops geranium,3 gotas de gerânio,3 gotas de geranio
778,2 drops turmeric,2 gotas de açafrão,2 gotas de cúrcuma
780,1-2 tsp carrier oil,1-2 colheres de chá de óleo carreador,1-2 cdta. de aceite portador
784,12 drops white fir,12 gotas de abeto branco,12 gotas de abeto blanco
786,6 drops patchouli,6 gotas de patchouli,6 gotas de pachuli
787,6 drops thyme,6 gotas de tomilho,6 gotas de tomillo
790,10 drops clove or 9 drops lemongrass,10 gotas de cravo ou 9 gotas de capim limão,10 gotas de clavo o 9 gotas de lemongrass
791,"15 drops frankincense, melaleuca or myrrh","15 gotas de olíbano, tea tree e mirra","15 gotas de incienso, melaleuca o mirra"
793,3 drops cassia,3 gotas de cássia,3 gotas de casia
795,1 drop melissa or 4 drops OnGuard®,1 gota de melissa ou 4 gotas de OnGuard®,1 gota de melisa o 4 gotas de OnGuard®
798,1 tsp vinegar,1 colher de chá de vinagre,1 cda. de vinagre
799,1 cup warm water,1 xícara de água morna,1 taza de agua tibia
807,1-3 drops turmeric,1-3 gotas de açafrão,1-3 gotas de cúrcuma
808,1-3 drops lemongrass,1-3 gotas de capim limão,1-3 gotas de lemongrass
810,3 drops cypress,3 gotas de cipreste,3 gotas de ciprés
816,10 drops cypress,10 gotas de cipreste,10 gotas de ciprés
817,1-3 drops frankincense,1-3 gotas de olíbano,1-3 gotas de incienso
820,5 drops basil,5 gotas de manjericão,5 gotas de albahaca
821,3 drops Breathe®,3 gotas de Breathe®,3 gotas de Breathe®
823,5-10 drops Breathe®,5-10 gotas de Breathe®,5-10 gotas de Breathe®
825,3-5 drops On Guard®,3-5 gotas de On Guard®,3-5 gotas de On Guard®
826,12 drops helichrysum,12 gotas de immortelle,12 gotas de helicriso
827,12 drops ylang ylang,12 gotas de ylang ylang,12 gotas de ylang ylang
828,8 drops cassia,8 gotas de cássia,8 gotas de casia
829,1 drop cardamom,1 gota de cardamomo,1 gota de cardamomo
831,2 drops lime,2 gotas de limão,2 gotas de lima
832,8 drops frankincense,8 gotas de olíbano,8 gotas de incienso
833,8 drops marjoram,8 gotas de manjerona,8 gotas de mejorana
834,11 drops cypress,11 gotas de cipreste,11 gotas de ciprés
836,2 tbsp carrier oil,2 colheres de sopa de óleo carreador,2 cda. de aceite portador
843,"2-3 drops grapefruit, lemon, tangerine, and/or wild orange","2-3 gotas de toranja, limão siciliano, tangerina e/ou laranja lima","2-3 gotas de toronja, limón, mandarina y/o naranja silvestre"
844,Zendocrine® Complex,Complexo Zendocrine®,Complejo Zendocrine®
846,"2-3 drops cilantro, geranium, grapefruit, rosemary","2-3 gotas de coentro, gerânio, toranja, alecrim","2-3 gotas de cilantro, geranio, toronja y romero"
847,"2 drops helichrysum, 2 drops Zendocrine®","2 gotas de immortelle, 2 gotas de Zendocrine®","2 gotas de helicriso, 2 gotas de Zendocrine®"
849,4 drops DDR Prime®,4 gotas de DDR Prime®,4 gotas de DDR Prime®
852,"2-3 drops clove, grapefruit, lavender, or DDR Prime®","2-3 gotas de cravo, toranja, lavanda ou DDR Prime®","2-3 gotas de clavo, toronja, lavanda o DDR Prime®"
853,OnGuard®,OnGuard®,OnGuard®
857,3 drops white fir,3 gotas de abeto branco,3 gotas de abeto blanco
859,2 drops grapefruit,2 gotas de toranja,2 gotas de toronja
860,10 drops HD Clear®,10 gotas de HD Clear®,10 gotas de HD Clear®
861,Aloe vera gel,Gel de aloe vera,Gel de aloe vera
862,6 drops Breathe®,6 gotas de Breathe®,6 gotas de Breathe®
863,4 drops clove,4 gotas de cravo,4 gotas de clavo
864,4 drops myrrh,4 gotas de mirra,4 gotas de mirra
869,6 drops clove,6 gotas de cravo,6 gotas de clavo
871,15 drops frankincense,15 gotas de olíbano,15 gotas de incienso
872,5 drops myrrh,5 gotas de mirra,5 gotas de mirra
873,6 drops geranium,6 gotas de gerânio,6 gotas de geranio
878,2 tbsp shea butter,2 colheres de sopa de manteiga de karité,2 cdta. de mantequilla de karité
879,4 drops cinnamon,4 gotas de canela,4 gotas de canela
881,3 drops thyme,3 gotas de tomilho,3 gotas de tomillo
883,2 drops jasmine or ylang ylang,2 gotas de jasmim ou ylang ylang,2 gotas de jazmín o ylang ylang
884,8 drops lavender or Serenity®,8 gotas de lavanda ou Serenity®,8 gotas de lavanda o Serenity®
886,1 drop Citrus Bliss®,1 gota de Citrus Bliss®,1 gota de Citrus Bliss®
889,1-2 drops cilantro,1-2 gotas de coentro,1-2 gotas de semilla de cilantro
890,1-2 drops cypress,1-2 gotas de cipreste,1-2 gotas de ciprés
894,1 drop geranium or dill,1 gota de gerânio ou endro,1 gotas de geranio o eneldo
895,2 tbsp almond oil,2 colheres de sopa de oléo de amêndoas,2 cdta. de aceite de almendra
896,1 drop melaleuca or lemon,1 gota de tea tree ou limão siciliano,1 gota de melaleuca o limón
898,1 drop cedarwood & sandalwood,1 gota de cedro e sândalo,1 gota de cedro o sándalo
902,1 drop basil or melaleuca,1 gota de manjericão ou tea tree,1 gota de albahaca o melaleuca
910,Geranium,Gerânio,Geranio
913,2 drops vetiver,2 gotas de vetiver,2 gotas de vetiver
914,2 drops cedarwood,2 gotas de cedro,2 gotas de cedro
916,2 drops Serenity®,2 gotas de Serenity®,2 gotas de Serenity®
919,8 drops melaleuca,8 gotas de tea tree,8 gotas de melaleuca
920,2 tbsp garlic oil,2 colheres de sopa de oléo de alho,2 cdta. de aceite de ajo
921,1 ml Vitamin E oil,1 mL de óleo de vitamina E,1 ml de aceite de vitamina E
923,2-3 drops vetiver,2-3 gotas de vetiver,2-3 gotas de vetiver
924,Optional: Stronger®,Opcional: Stronger®,Optional: Stronger®
925,2 drops cypress,2 gotas de cipreste,2 gotas de ciprés
926,1 cup Epsom salt,1 xícara de sal epsom,1 taza de sal Epsom
928,1/3 cup sea salt,1/3 xícara de sal marinho,1/3 taza de sal marina
929,1/3 cup Redmond Clay powder,1/3 xícara de pó de argila de amêndoa,1/3 taza de polvo de bentonita
930,Selected essential oils,Óleos essenciais selecionados,Aceites esenciales seleccionados
931,"2 cups salt or sugar (sea salt, mineral salt, organic sugar)","2 xícaras de sal ou açúcar (sal marinho, sal mineral, açúcar orgânico)","2 tazas de sal o azúcar (sal marina, sal mineral, azúcar orgánico)"
932,1 cup almond oil,1 xícara de óleo de amêndoa,1 taza de aceite de almendra
935,4 drops lemongrass,4 gotas de capim limão,4 gotas de lemongrass
936,4 drops lime,4 gotas de limão,4 gotas de lima
937,4 drops thyme,4 gotas de tomilho,4 gotas de tomillo
938,4 drops rosemary,4 gotas de alecrim,4 gotas de romero
944,10-15 drops DigestZen®,10-15 gotas de DigestZen®,10-15 gotas de DigestZen®
945,10-15 drops Zendocine®,10-15 gotas de Zendocine®,10-15 gotas de Zendocine®
952,1 drop DigestZen®,1 gota de DigestZen®,1 gota de DigestZen®
954,1 drop arborvitae,1 gota de de tuia,1 gota de arborvitae
955,4 drops Roman chamomile,4 gotas de camomila romana,4 gotas de manzanilla romana
962,3-4 drops DigestZen®,3-4 gotas de DigestZen®,3-4 gotas de DigestZen®
963,1 drop melaleuca + 1 drop DigestZen®,1 gota de tea tree + 1 gota de DigestZen®,1 gota de melaleuca + 1 gota de DigestZen®
982,2 drops clove,2 gotas de cravo,2 gotas de clavo
986,1 drop myrrh,1 gota de mirra,1 gota de mirra
987,1 drop lemongrass,1 gota de capim limão,1 gota de lemongrass
994,Alpha CRS®,Alpha CRS®,Alpha CRS®
1000,Citrus oil,Óleo cítrico,Aceite de cítrico
1006,3-4 drops tangerine,3-4 gotas de tangerina,3-4 gotas de mandarina
1007,3-4 drops spearmint,3-4 gotas de hortelã,3-4 gotas de hierbabuena
1008,3-4 drops lemongrass,3-4 gotas de capim limão,3-4 gotas de lemongrass
1010,Purify®,Purify®,Purify®
1014,1/2 tsp salt,1/2 colher de chá de sal,1/2 cda. de sal
1015,8 oz distilled water,8 onças de água destilada,236 ml (8 onzas) de agua destilada
1016,Breathe®,Breathe®,Breathe®
1025,3 drops lemon,3 gotas de limão siciliano,3 gotas de lemongrass
1026,1 tsp honey,1 colher de chá de mel,1 cda. de miel
1027,1-2 drops oregano,1-2 gotas de orégano,1-2 gotas de orégano
1028,1-2 drops Breathe®,1-2 gotas de Breathe®,1-2 gotas de Breathe®
1031,3/4 cup virgin coconut oil,3/4 cup virgin coconut oil,3/4 taza de aceite de coco virgen
1032,3/4 cup fractionated coconut oil,3/4 de xícara de óleo de coco fracionado,3/4 taza de aceite de coco fraccionado
1033,4 tablespoons beeswax,4 colheres de sopa de cera de abelha,4 cucharadas de cera de abejas
1034,2 tablespoons Vitamin E oil,2 colheres de sopa de óleo de vitamina E,2 cucharadas de aceite de vitamina E
1035,40 drops basil,40 gotas de manjericão,40 gotas de albahaca
1036,40 drops frankincense,40 gotas de olíbano,40 gotas de incienso
1037,40 drops lime,40 gotas de limão,40 gotas de lima
1038,40 drops marjoram,40 gotas de manjerona,40 gotas de mejorana
1039,15 drops peppermint,15 gotas de hortelã-pimenta,15 gotas de menta
1040,5 drops eucalyptus,5 gotas de eucalipto,5 gotas de eucalipto
1042,5 drops lemon,5 gotas de limão siciliano,5 gotas de lemongrass
1043,3 drops cardamom,3 gotas de cardamomo,3 gotas de cardamomo
1044,2 drops fennel,2 gotas de erva-doce,2 gotas de hinojo
1047,8 drops lemon,8 gotas de limão siciliano,8 gotas de lemongrass
1048,8 drops On Guard®,8 gotas de On Guard®,8 gotas de On Guard®
1049,4 drops  peppermint,4 gotas de hortelã-pimenta,4 gotas de menta
1051,1 drop oregano,1 gota de orégano,1 gota de orégano
1052,1 drop clove,1 gota de cravo,1 gota de clavo
1057,Eucalyptus,Eucalipto,Eucalipto
1058,Siberian fir,Abeto Siberiano,Abeto siberiano
1059,1 drop pink pepper,1 gota de pimenta rosa,1 gota de pimienta rosa
1060,1 drop peppermint,1 gota de hortelã-pimenta,1 gota de menta
1061,1 drop melaleuca,1 gota de tea tree,1 gota de melaleuca
1063,MicroPlex VMz,MicroPlex VMz,MicroPlex VMz
1067,Bone Nutrient Lifetime Complex,Complexo Vitalício para Nutrientes Ósseos,Complejo nutritivo óseo Lifetime
1069,2 drops helichrysum,2 gotas de immortelle,2 gotas de helicriso
1072,1/2 - 1 teaspoon carrier oil,1/2 - 1 colher de chá de óleo carreador,1/2-1 cda. de aceite portador
1073,DigestZen®,DigestZen®,DigestZen®
1085,Slim & Sassy®,Slim & Sassy®,Slim & Sassy®
1086,Kumquat,Laranja Quincã,Quinoto
1087,DDR Prime®,DDR Prime®,DDR Prime®
1095,On Guard®,On Guard®,On Guard®
1096,20 drops helichrysum,20 gotas de immortelle,20 gotas de helicriso
1097,20 drops geranium,20 gotas de gerânio,20 gotas de geranio
1098,20 drops arborvitae OR cypress,20 gotas de tuia ou cipreste,20 gotas de arborvitae O ciprés
1100,10 drops peppermint,10 gotas de óleo de hortelã-pimenta,10 gotas de menta
1101,10 drops clary sage,10 gotas de sálvia esclareia,10 gotas de salvia
1102,10 drops ginger,10 gotas de gengibre,10 gotas de jengibre
1104,10 drops lemon,10 gotas de limão siciliano,10 gotas de lemongrass
1105,10 drops AromaTouch®,10 gotas de AromaTouch®,10 gotas de AromaTouch®
1106,1-2 drops myrrh,1-2 gotas de mirra,1-2 gotas de mirra
1107,1-2 drops clary sage,1-2 gotas de sálvia esclareia,1-2 gotas de salvia
1108,1-2 drops fennel,1-2 gotas de erva-doce,1-2 gotas de hinojo
1110,1-2 drops lemon,1-2 gotas de limão siciliano,1-2 gotas de lemongrass
1111,1-2 drops Elevation™,1-2 gotas de Elevation™,1-2 gotas de Elevation™
1113,Wild orange,Laranja Lima,Naranja silvestre
1124,Myrrh,Mirra,Mirra
1125,2 drops wintergreen,2 gotas de wintergreen,2 gotas de gaulteria
1126,2 drops lemongrass,2 gotas de capim limão,2 gotas de lemongrass
1128,2 drops eucalyptus,2 gotas de eucalipto,2 gotas de eucalipto
1130,3 drops marjoram,3 gotas de manjerona,3 gotas de mejorana
1131,3 drops Roman chamomile,3 gotas de camomila romana,3 gotas de manzanilla romana
1132,3 drops ginger,3 gotas de gengibre,3 gotas de jengibre
1133,3 drops helichrysum,3 gotas de immortelle,3 gotas de helicriso
1134,1-2 drops juniper berry,1-2 gotas de bagas de zimbro,1-2 gotas de enebro
1136,1-2 drops cedarwood,1-2 gotas de cedro,1-2 gotas de cedro
1142,4 drops black pepper,4 gotas de pimenta preta,4 gotas de pimienta negra
1143,2 drops rosemary,2 gotas de alecrim,2 gotas de romero
1144,1 drop ginger,1 gota de gengibre,1 gota de jengibre
1145,1/2 cup Epsom salt,1/2 xícara de sal epsom,1/2 taza de sal de Epsom
1146,35 drops eucalyptus,35 gotas de eucalipto,25 gotas de eucalipto
1147,35 drops lemon,35 gotas de limão siciliano,35 gotas de limón
1148,35 drops lavender,35 gotas de lavanda,35 gotas de lavanda
1149,35 drops melaleuca,35 gotas de tea tree,35 gotas de melaleuca
1150,35 drops peppermint,35 gotas de hortelã-pimenta,35 gotas de menta
1151,2 ounces witch hazel,2 onças com hamamélis,60 ml (2 onzas) de agua de hamamelis
1152,1 cup baking soda,1 xícara de bicarbonato de sódio,1 taza de bicarbonato
1153,1-2 drops helichrysum,1-2 gotas de immortelle,1-2 gotas de helicriso
1154,1-2 drops PastTense®,1-2 gotas de PastTense®,1-2 gotas de PastTense®
1155,1 drop Serenity®,1 gota de Serenity®,1 gota de Serenity®
1156,1 drop PastTense®,1 gota de PastTense®,1 gota de PastTense®
1157,10 drops eucalyptus,10 gotas de eucalipto,10 gotas de eucalipto
1158,10 drops marjoram,10 gotas de manjerona,10 gotas de mejorana
1160,10 drops On Guard®,10 gotas de On Guard®,10 gotas de On Guard®
1164,Alpha CRS®+,Alpha CRS®+,Alpha CRS®+
1172,Citrus oils,Óleos cítricos,Aceites cítricos
1176,Deep Blue®,Deep Blue®,Deep Blue®
1177,Roman chamomile,Camomila Romana,Manzanilla romana
1180,Yarrow/Pom,Milefólio/Pom,Milenrama/granada
1182,Ginger,Gengibre,Jengibre
1183,Black pepper,Pimenta-do-reino,Pimienta negra
1186,Rosemary,Alecrim,Romero
1188,Lemongrass,Capim Limão,Lemongrass
1189,Marjoram,Manjerona,Mejorana
1190,Cardamom,Cardamomo,Cardamomo
1191,7 drops blue tansy,7 gotas de tanaceto azul,7 gotas de tanaceto azul
1192,3 drops lavender,3 gotas de lavanda,3 gotas de lavanda
1193,4 drops frankincense,4 gotas de olíbano,4 gotas de incienso
1194,6 drops copaiba,6 gotas de copaíba,6 gotas de copaiba
1195,6 drops turmeric,6  gotas de açafrão,6 gotas de cúrcuma
1196,6 drops marjoram,6 gotas de manjerona,6 gotas de mejorana
1197,3 drops black pepper,3 gotas de pimenta preta,3 gotas de pimienta negra
1198,3 drops rosemary,3 gotas de alecrim,3 gotas de romero
1199,3 drops peppermint,3 gotas de hortelã-pimenta,3 gotas de menta
1200,3 drops copaiba,3 gotas de copaíba,3 gotas de copaiba
1201,"3 drops jasmine, rose, or magnolia","3 gotas de jasmim, rosa ou magnólia","3 gotas de jazmín, rosa o magnolia"
1203,1 drop rose or geranium,1 gota de rosa ou gerânio,1 gota de rosa o geranio
1205,1 drop wild orange or bergamot,1 gota de laranja lima ou bergamota,1 gotas de naranja silvestre o bergamota
1207,3 drops bergamot,3 gotas de bergamota,3 gotas de bergamota
1213,3 drops bergamot or wild orange,3 gotas de bergamota ou laranja lima,3 gotas de bergamota o naranja silvestre
1216,1 drop jasmine or ylang ylang,1 gota de jasmim ou ylang ylang,1 gota de jazmín o ylang ylang
1218,4 drops bergamot,4 gotas de bergamota,4 gotas de bergamota
1220,3 drops ylang ylang,3 gotas de ylang ylang,3 gotas de ylang ylang
1225,4 drops blue tansy,4 gotas de tanaceto azul,4 gotas de tanaceto azul
1226,4 drops wild orange,4 gotas de laranja lima,4 gotas de naranja silvestre
1229,Sandalwood,Sândalo,Sándalo
1232,Cypress,Cipreste,Ciprés
1233,Pink pepper,Pimenta Rosa,Pimienta rosa
1234,AromaTouch®,AromaTouch®,AromaTouch®
1235,Basil,Manjericão,Albahaca
1239,xEO Mega®,xEO Mega®,xEO Mega®
1241,2-3 drops Balance®,2-3 gotas de Balance®,2-3 gotas de Balance®
1242,1-2 DDR Prime® Softgels,1-2 cápsulas de DDR Prime®,1-2 cápsulas de gel DDR Prime®
1243,2-3 drops DDR Prime®,2-3 gotas de DDR Prime®,2-3 gotas de DDR Prime®
1244,2-3 drops juniper berry,2-3 gotas de bagas zimbro,2-3 gotas de enebro
1245,3-5 drops frankincense,3-5 gotas de olíbano,3-5 gotas de incienso
1246,Immortelle,Immortelle,Immortelle
1248,1-2 drops lavender,1-2 gotas de lavanda,1-2 gotas de lavanda
1249,Bergamot,Bergamota,Bergamota
1250,Clary sage,Sálvia Esclareia,Salvia
1253,Grapefruit,Toranja,Toronja
1255,Lemon,Limão Siciliano,Limón
1257,20 drops patchouli,20 gotas de patchouli,20 gotas de pachuli
1258,30 drops Balance®,30 gotas de Balance®,30 gotas de Balance®
1259,1 drop juniper berry,1 gota de bagas de zimbro,1 gota de enebro
1261,3 drops wild orange,3 gotas de laranja lima,3 gotas de naranja silvestre
1262,InTune®,InTune®,InTune®
1263,1-2 drops vetiver,1-2 gotas de vetiver,1-2 gotas de vetiver
1264,1-2 drops wild orange (as needed),1-2 gotas de laranja lima (conforme necessário),1-2 gotas de naranja silvestre (según necesario)
1265,2-4 drops frankincense or grapefruit,2-4 gotas de olíbano ou toranja,2-4 gotas de incienso o toronja
1266,1-2 drops frankincense + wild orange,1-2 gotas de olíbano + laranja lima,1-2 gotas de incienso + naranja silvestre
1267,20 drops wild orange + peppermint,20 gotas de laranja lima + hortelã-pimenta,20 gotas de naranja silvestre + menta
1268,1-2 drops cedarwood + lavender + cedarwood,1-2 gotas de cedro + lavanda + cedro,1-2 gotas de cedro + lavanda + cedro
1269,Helichrysum,Immortelle,Helicriso
1270,Lavender,Lavanda,Lavanda
1272,Ylang ylang,Ylang Ylang,Ylang ylang
1273,Balance®,Balance®,Balance®
1274,Serenity®,Serenity®,Serenity®
1275,1-2 drops Balance®,1-2 gotas de Balance®,1-2 gotas de Balance®
1276,1-2 drops Serenity® or lavender,1-2 gotas de Serenity® ou lavanda,1-2 gotas de Serenity® o lavanda
1278,20 drops vetiver,20 gotas de vetiver,20 gotas de vetiver
1279,10 drops Serenity®,10 gotas de Serenity®,10 gotas de Serenity®
1280,3 drops basil,3 gotas de manjericão,3 gotas de albahaca
1281,3 drops grapefruit,3 gotas de toranja,3 gotas de toronja
1282,2 drops bergamot,2 gotas de bergamota,2 gotas de bergamota
1286,10 drops Roman chamomile,10 gotas de camomila romana,10 gotas de manzanilla romana
1288,10 drops wild orange,10 gotas de laranja lima,10 gotas de naranja silvestre
1289,2 drops marjoram,2 gotas de manjerona,2 gotas de mejorana
1291,3 drops cedarwood,6 gotas de cedro,3 gotas de cedro
1292,6 drops Balance®,6 gotas de Balance®,6 gotas de Balance®
1296,Thyme,Tomilho,Tomillo
1297,Clove,Cravo,Clavo
1298,Cassia,Cássia,Casia
1299,Cinnamon,Canela,Canela
1300,Melissa,Melissa,Melisa
1301,Frankincense,Olíbano,Incienso
1302,Patchouli,Patchouli,Pachuli
1303,6 drops lavender,6 gotas de lavanda,6 gotas de lavanda
1305,2 drops Roman chamomile,2 gotas de camomila romana,2 gotas de manzanilla romana
1306,1 oz aloe vera gel,1 oz de gel de aloe vera,30 ml (1 onza) de gel de aloe vera
1309,2 drops peppermint,2 gotas de hortelã-pimenta,2 gotas de menta
1310,2 drops melaleuca,2 gotas de tea tree,2 gotas de melaleuca
1311,5 drops On Guard®,5 gotas de On Guard®,5 gotas de On Guard®
1313,3 drops oregano,3 gotas de orégano,3 gotas de orégano
1316,4 drops grapefruit,4 gotas de toranja,4 gotas de toronja
1317,3 drops clove,3 gotas de cravo,3 gotas de clavo
1318,2 drops Siberian fir,2 gotas de abeto siberiano,2 gotas de abeto siberiano
1320,3 drops Siberian fir,3 gotas de abeto siberiano,3 gotas de abeto siberiano
1321,3 drops eucalyptus,3 gotas de eucalipto,3 gotas de eucalipto
1322,3 drops melaleuca,3 gotas de tea tree,3 gotas de melaleuca
1323,2 drops sandalwood,2 gotas de sândalo,2 gotas de sándalo
1326,1 drop bergamot,1 gota de bergamota,1 gota de bergamota
1328,3-4 drops On Guard®,3-4 gotas de On Guard®,3-4 gotas de On Guard®
1329,3-4 drops oregano,3-4 gotas de orégano,3-4 gotas de orégano
1330,3-4 drops melissa,3-4 gotas de melissa,3-4 gotas de melisa
1331,3-4 drops peppermint,3-4 gotas de hortelã-pimenta,3-4 gotas de menta
1333,25 drops frankincense,25 gotas de olíbano,25 gotas de incienso
1334,20 drops bergamot,20 gotas de bergamota,20 gotas de bergamota
1335,15 drops Roman chamomile,15 gotas de camomila romana,15 gotas de manzanilla romana
1336,2-4 drops lemon,2-4 gotas de limão siciliano,2-4 gotas de limón
1337,"3-4 drops frankincense, On Guard®, melaleuca, rosemary","3-4 gotas de olíbano, On Guard®, tea tree, alecrim","3-4 gotas de incienso, On Guard®, melaleuca, romero"
1338,"MicroPlex VMz®, Alpha CRS®+, xEO Mega®","MicroPlex VMz®, Alpha CRS®+, xEO Mega®","MicroPlex VMz®, Alpha CRS®+, xEO Mega®"
1339,2-3 drops Balance® and On Guard®,2-3 gotas de Balance® e On Guard®,2-3 gotas de Balance® y On Guard®
1340,1-2 drops frankincense,1-2 gotas de olíbano,1-2 gotas de incienso
1341,Diffuse Elevation® and Serenity®,Disperse Elevation® e Serenity®,Diffuse Elevation® y Serenity®
1342,1-2 drops geranium,1-2 gotas de gerânio,1-2 gotas de geranio
1343,1-2 drops cinnamon,1-2 gotas de canela,1-2 gotas de canela
1344,1-2 drops ginger,1-2 gotas de gengibre,1-2 gotas de jengibre
1345,10 drops frankincense,10 gotas de olíbano,10 gotas de incienso
1346,1-2 drops pink pepper,1-2 gotas de pimenta rosa,1-2 gotas de pimienta rosa
1349,1-2 drops peppermint,1-2 gotas de hortelã-pimenta,1-2 gotas de menta
1350,10 drops helichrysum,10 gotas de immortelle,10 gotas de helicriso
1351,3 drops lemongrass,3 gotas de capim limão,3 gotas de lemongrass
1352,4 drops juniper berry,4 gotas de bagas zimbro,4 gotas de enebro
1353,5 drops geranium,5 gotas de gerânio,5 gotas de geranio
1354,45 drops fractionated coconut oil,45 gotas de óleo de coco fracionado,45 gotas de aceite de coco fraccionado
1355,30 ml fractionated coconut oil,30 mL óleo de coco fracionado,30 ml de aceite de coco fraccionado
1356,3 oz fine sea salt,3 oz de sal marinho fino,88 ml (3 onzas) de sal marina fina
1357,10 drops grapefruit,10 gotas de toranja,10 gotas de toronja
1358,1-2 cups pink Himalayan salt,1-2 xícaras de sal rosa do Himalaia,1-2 tazas de sal del Himalaya rosa
1359,2 cups brown sugar,2 xícaras de açúcar mascavo,2 tazas de azúcar morena
1360,1/4 cup coconut oil,1/4 xícara de óleo de coco,1/4 taza de aceite de coco
1361,10 drops tangerine,10 gotas de tangerina,10 gotas de mandarina
1362,Rose,Rosa,Rosa
1363,Jasmine,Jasmim,Jazmín
1364,10 drops spearmint,10 gotas de hortelã,10 gotas de hierbabuena
1366,2 drops green mandarin,2 gotas de mandarina verde,2 gotas de mandarina verde
1367,Magnolia,Magnólia,Magnolia
1368,Neroli,Néroli,Neroli
1370,1 drop Roman chamomile,1 gota de camomila romana,1 gota de manzanilla romana
1371,6 drops sandalwood,6 gotas de sândalo,6 gotas de sándalo
1372,4 drops ylang ylang,4 gotas de ylang ylang,4 gotas de ylang ylang
1373,2 drops clary sage,2 gotas de sálvia esclareia,2 gotas de salvia
1374,2 drops wild orange,2 gotas de laranja lima,2 gotas de naranja silvestre
1375,Oregano,Orégano,Orégano
1376,Melaleuca,Tea Tree,Melaleuca
1378,1 drop patchouli,1 gota de patchouli,1 gota de pachuli
1381,1 drop white fir,1 gota de abeto branco,1 gota de abeto blanco
1382,5 drops melaleuca,5 gotas de tea tree,5 gotas de melaleuca
1385,2 drops lavender,2 gotas de lavanda,2 gotas de lavanda
1386,1/2 oz carrier oil,1/2 oz de óleo carreador,15 ml (1/2 onza) de aceite portador
1390,2 drops neroli,2 gotas de néroli,2 gotas de neroli
1391,2 drops bay leaf,2 gotas de louro,2 gotas de hoja de laurel
1392,2 drops wild orange OR pink pepper,2 gotas de laranja lima OU pimenta rosa,2 gotas de naranja silvestre o pimienta rosa
1393,3 drops sandalwood,3 gotas de sândalo,3 gotas de sándalo
1394,1/2 oz carrier,1/2 oz de carreador,15 ml (1/2 onza) de aceite portador
1395,8 drops ginger,8 gotas de gengibre,8 gotas de jengibre
1396,2 drops lemon,2 gotas de limão siciliano,2 gotas de lemongrass
1397,2 drops frankincense,2 gotas de olíbano,2 gotas de incienso
1398,2 drops black pepper,2 gotas de pimenta preta,2 gotas de pimienta negra
1399,2 drops myrrh,2 gotas de mirra,2 gotas de mirra
1400,2 drops fractionated coconut oil,2 gotas de óleo de coco fracionado,2 gotas de aceite de coco fraccionado
1401,4 drops sandalwood,4 gotas de sândalo,4 gotas de sándalo
1402,2 drops ClaryCalm®,2 gotas de ClaryCalm®,2 gotas de ClaryCalm®
1405,1 tsp natural shampoo,1 colher de chá de shampoo natural,1 cda. de shampoo natural
1406,1 drop grapefruit,1 gota de toranja,1 gota de toronja
1407,1/2 cup organic coconut oil,1/2 xícara de óleo de coco orgânico,1/2 taza de aceite de coco orgánico
1408,2 teaspoons raw honey,2 colheres de chá de mel cru,2 cucharaditas de miel pura
1409,5 drops cedarwood,5 gotas de cedro,5 gotas de cedro
1410,5 drops cypress,5 gotas de cipreste,5 gotas de ciprés
1411,5 drops lavender,5 gotas de lavanda,5 gotas de lavanda
1412,5 drops rosemary,5 gotas de alecrim,5 gotas de romero
1413,8 drops rosemary,8 gotas de alecrim,8 gotas de romero
1415,10 drops sandalwood,10 gotas de sândalo,10 gotas de sándalo
1416,10 drops cedarwood,10 gotas de cedro,10 gotas de cedro
1417,10 drops melaleuca,10 gotas de tea tree,10 gotas de melaleuca
1418,Copaiba,Copaíba,Copaiba
1419,Fractionated coconut oil,Óleo de coco fracionado,Aceite de coco fraccionado
1420,Peppermint,Hortelã Pimenta,Menta
1421,Elevation™,Elevation™,Elevation™
1423,6 drops cypress,6 gotas de cipreste,6 gotas de ciprés
1424,7 drops wintergreen,7 gotas de wintergreen,7 gotas de gaulteria
1425,5 drops marjoram,5 gotas de manjerona,5 gotas de mejorana
1426,4 drops helichrysum,4 gotas de immortelle,4 gotas de helicriso
1427,1 drop On Guard®,1 gota de On Guard®,1 gota de On Guard®
1429,1 drop cinnamon,1 gota de canela,1 gota de canela
1430,1 drop helichrysum,1 gota de immortelle,1 gota de helicriso
1431,1 drop vetiver,1 gota de vetiver,1 gota de vetiver
1432,DDR® Prime,DDR® Prime,DDR® Prime
1433,xEO Mega® or IQ Mega®,xEO Mega® ou IQ Mega®,xEO Mega® or IQ Mega®
1434,TerraZyme®,TerraZyme®,TerraZyme®
1435,MicroPlex VMz®,MicroPlex VMz®,MicroPlex VMz®
1436,Bone Nutrient Lifetime Complex®,Bone Nutrient Lifetime Complex®,Bone Nutrient Lifetime Complex®
1437,PB Assist®+,PB Assist®+,PB Assist®+
1438,Zendocrine®,Zendocrine®,Zendocrine®
1439,Zendocrine Complex,Complexo Zendocrine,Complejo Zendocrine
1440,Turmeric,Cúrcuma,Cúrcuma
1441,Mito2Max®,Mito2Max®,Mito2Max®
1442,DDR Prime® softgels,Cápsulas DDR Prime®,Cápsulas de gel DDR Prime®
1443,Deep Blue® Polyphenol Complex,Complexo Polifenol de Deep Blue®,Complejo de polifenol Deep Blue®
1444,2 drops geranium,2 gotas de gerânio,2 gotas de geranio
1445,2 drops patchouli,2 gotas de patchouli,2 gotas de pachuli
1448,10 drops lavender,10 gotas de lavanda,10 gotas de lavanda
1473,1 cup Epsom salts or sea salt,1 xícara de sais de Epsom ou sal marinho,1 taza de sal Epsom o sal marina
1474,1/2 cup baking soda,1/2 xícara de bicarbonato de sódio,1/2 taza de bicarbonato
1498,10 drop Vetiver,10 gotas de vetiver,10 gotas de vetiver
1499,10 drop Geranium,10 gotas de gerânio,10 gotas de geranio
1501,10 drop ClaryCalm®,10 gotas de ClaryCalm®,10 gotas de ClaryCalm®
1503,10 drop Cedarwood,10 gotas de cedro,10 gotas de cedro
1505,1 drop Deep Blue®,1 gota de Deep Blue®,1 gota de Deep Blue®
1506,1 drop Breathe®,1 gota de Breathe®,1 gota de Breathe®
1507,1 drop Sandalwood,1 gota de sândalo,1 gota de sándalo
1508,1 drop Zendocrine®,1 gota de Zendocrine®,1 gota de Zendocrine®
1509,2 drop AromaTouch®,2 gotas de AromaTouch®,2 gotas de AromaTouch®
1510,2 drop DigestZen®,2 gotasd de DigestZen®,2 gotas de DigestZen®
1511,2 drop Slim & Sassy®,2 gotas de Slim & Sassy®,2 gotas de Slim & Sassy®
1512,1 drop Rosemary,1 gota de alecrim,1 gota de romero
1518,10 drop Rosemary,10 gotas de alecrim,10 gotas de romero
1519,10 drop AromaTouch®,10 gotas de AromaTouch®,10 gotas de AromaTouch®
1523,5 drop Bergamot,5 gotas de bergamota,5 gotas de bergamota
1525,2 drop Spikenard,2 gotas de nardo,2 gotas de nardo
1527,10 drop Ginger,10 gotas de gengibre,10 gotas de jengibre
1530,5 drop Clary Sage,5 gotas de sálvia esclareia,5 gotas de salvia
1531,5 drop Rosemary,5 gotas de alecrim,5 gotas de romero
1533,2 drop Basil,2 gotas de manjericão,2 gotas de albahaca
1537,2 drop Yarrow,2 gotas de milefólio,2 gotas de milenrama
1540,2 drop Pink Pepper,2 gotas de pimenta rosa,2 gotas de pimienta rosa
1541,2 drop Myrrh,2 gotas de mirra,2 gotas de mirra
1543,2 drop Lime,2 gotas de limão,2 gotas de lima
1544,6 drop Vetiver,6 gotas de vetiver,6 gotas de vetiver
1545,6 drop Balance®,6 gotas de Balance®,6 gotas de Balance®
1546,6 drop Copaiba,6 gotas de copaíba,6 gotas de copaiba
1547,6 drop Cedarwood,6 gotas de cedro,6 gotas de cedro
1548,6 drop Serenity®,6 gotas de Serenity®,6 gotas de Serenity®
1549,drop Carrier Oil,gota de óleo carreador,gota de aceite portador
1550,30 drop Copaiba,30 gotas de copaíba,30 gotas de copaiba
1551,30 drop Turmeric,30 gotas de cúrcuma,30 gotas de cúrcuma
1552,30 drop Yarrow,30 gotas de milefólio,30 gotas de milenrama
1554,3 drop Helichrysum,3 gotas de immortelle,3 gotas de helicriso
1556,4 drop Frankincense,4 gotas de olíbano,4 gotas de incienso
1558,6 drop Arborvitae,6 gotas de de tuia,6 gotas de arborvitae
1559,1 tbsp Avocado oil,1 colher de sopa de óleo de abacate,1 cdta. de aceite de avocado
1560,1 tbsp Witch hazel,1 colher de sopa de hamamélis,1 cdta. de agua de hamamelis
1561,1 tbsp Dr Bronner Castile soap,1 colher de sopa de sabão de castela Dr Bronner,1 cdta. de jabón de castilla Dr Bronner
1562,2 cup Distilled water,2 xícara de água destilada,2 tazas de agua destilada
1563,3 drop Respiration blend/Easy Air,3 gotas de mis para respiração/Ar fácil,3 gotas de mezcla resporatoria/Easy Air
1564,1 drop Rose touch,1 gota de toque de rosas,1 gota de toque de rosa
1565,1 drop Beautiful®,1 gota de Beautiful®,1 gota de Beautiful®
1566,1 drop Hope,1 gota de Esperança,1 gota de Hope
1567,2 oz Water,2 oz de água,30 ml (2 onzas) de agua
1568,5 drop Melaleuca,5 gotas de tea tree,5 gotas de melaleuca
1570,3 drop Peppermint,3 gotas de hortelã-pimenta,3 gotas de menta
1571,3 drop Lavender,3 gotas de lavanda,3 gotas de lavanda
1572,3 drop Lemon,3 gotas de limão siciliano,3 gotas de limón
1573,3 drop Lemongrass,3 gotas de capim limão,3 gotas de lemongrass
1581,10 drops Green Mandarin,10 gotas de mandarina verde,10 gotas de mandarina verde
1582,20 drops Lavender,20 gotas de lavanda,20 gotas de lavanda
1583,30 drops Cypress,10 gotas de cipreste,30 gotas de ciprés
1584,2 drops Oregano,2 gotas de orégano,2 gotas de orégano
1585,3 drops On Guard®,3 gotas de On Guard®,3 gotas de On Guard®
1586,4 drops Basil,4 gotas de manjericão,4 gotas de albahaca
1587,4 drops Lemon,4 gotas de limão siciliano,4 gotas de lemongrass
1588,4 drops Lavender,4 gotas de lavanda,4 gotas de lavanda
1589,4 drops Peppermint,4 gotas de óleo de hortelã-pimenta,4 gotas de menta
1590,5 drop Cedarwood,5 gotas de cedro,5 gotas de cedro
1591,5 drop Copaiba,5 gotas de copaíba,5 gotas de copaiba
1594,5 drop Oregano,5 gotas de orégano,5 gotas de orégano
1595,5 drop Grapefruit,5 gotas de toranja,5 gotas de toronja
1596,10 drop Turmeric,10 gotas de cúrcuma,10 gotas de cúrcuma
1599,6 drop Roman Chamomile,6 gotas de camomila romana,6 gotas de manzanilla romana
1600,6 drop Breathe®,6 gotas de Breathe®,6 gotas de Breathe®
1601,5 drop Lavender,5 gotas de lavanda,5 gotas de lavanda
1602,6 drop On Guard®,6 gotas de On Guard®,6 gotas de On Guard®
1605,8 ml Carrier Oil,8 mL de óleo carreador,8 ml de aceite portador
1606,5 drop AromaTouch®,5 gotas de AromaTouch®,5 gotas de AromaTouch®
1607,4 drop Copaiba,4 gotas de copaíba,4 gotas de copaiba
1609,8 drop Siberian Fir,8 gotas de abeto siberiano,8 gotas de abeto siberiano
1610,4 drop Wintergreen,4 gotas de wintergreen,4 gotas de gaulteria
1612,4 ml Carrier Oil,4 mL de óleo carreador,4 ml de aceite portador
1613,1 drop Balance®,1 gota de Balance®,1 gota de Balance®
1615,2 drop Manuka,2 gotas de malaleuca,2 gotas de manuka
1622,8 drop Melaleuca,8 gotas de tea tree,8 hotas de melaleuca
1623,8 drop Oregano,8 gotas de orégano,8 gotas de orégano
1625,15 drop Lemon,15 gotas de limão siciliano,15 gotas de limón
1626,8 drop Frankincense,8 gotas de olíbano,8 gotas de incienso
1627,1  Carrier Oil,1 óleo carreador,1 aceite portador
1629,4 drop Cypress,4 gotas de cipreste,4 gotas de ciprés
1630,3 drop Black Pepper,3 gotas de pimenta preta,3 gotas de pimienta negra
1632,3 drop Geranium,3 gotas de gerânio,3 gotas de geranio
1633,2 drop Sandalwood,2 gotas de sândalo,2 gotas de sándalo
1634,2 drop Jasmine,2 gotas de jasmim,2 gotas de jazmín
1635,2 drop Ylang Ylang,2 gotas de ylang ylang,2 gotas de ylang ylang
1636,2 drop Coriander,2 gotas de coentro,2 gotas de semilla de cilantro
1639,2 drop Oregano,2 gotas de orégano,2 gotas de orégano
1640,1 drop Carrier Oil,1 gota de óleo carreador,1 gota de aceite portador
1641,10 drop Deep Blue®,10 gotas de Deep Blue®,10 gotas de Deep Blue®
1642,6 drop Clove,6 gotas de cravo,6 gotas de clavo
1644,3 drop Serenity®,3 gotas de Serenity®,3 gotas de Serenity®
1645,3 drop Vetiver,3 gotas de vetiver,3 gotas de vetiver
1646,3 drop Cedarwood,3 gotas de cedro,3 gotas de cedro
1647,3 drop Balance®,3 gotas de Balance®,3 gotas de Balance®
1648,3 drop Roman Chamomile,3 gotas de camomila romana,3 gotas de manzanilla romana
1649,2 drop Lemon,2 gotas de limão siciliano,2 gotas de limón
1650,2 drop Turmeric,2 gotas de cúrcuma,2 gotas de cúrcuma
1651,2 drop Copaiba,2 gotas de copaíba,2 gotas de copaiba
1655,6 drop Lavender,6 gotas de lavanda,6 gotas de lavanda
1656,6 drop Peppermint,6 gotas de hortelã-pimenta,6 gotas de menta
1657,6 drop Lemon,6 gotas de limão siciliano,6 gotas de limón
1661,5 drops Frankincense,5 gotas de olíbano,5 gotas de incienso
1662,5 drops Copaiba,5 gotas de copaíba,5 gotas de copaiba
1668,8 drop On Guard®,8 gotas de On Guard®,8 gotas de On Guard®
1669,8 drop Marjoram,8 gotas de manjerona,8 gotas de mejorana
1670,8 drop Basil,8 gotas de manjericão,8 gotas de albahaca
1671,8 drop Lavender,8 gotas de lavanda,8 gotas de lavanda
1674,3 drop Neroli,3 gotas de néroli,3 gotas de neroli
1676,8 drop DDR Prime®,8 gotas de DDR Prime®,8 gotas de DDR Prime®
1677,8 drop Black Pepper,8 gotas de pimenta preta,8 gotas de pimienta negra
1678,8 drop Cassia,8 gotas de cássia,8 gotas de casia
1680,8 drop Copaiba,8 gotas de copaíba,8 gotas de copaiba
1681,8 drop Wild Orange,8 gotas de laranja lima,8 gotas de naranja silvestre
1682,8 drop Petitgrain,8 gotas de Petitgrain,8 gotas de esencia de azahar
1685,8 drop Clove,8 gotas de cravo,8 gotas de clavo
1689,8 drop Pink Pepper,8 gotas de pimenta rosa,8 gotas de pimienta rosa
1690,8 drop Yarrow Pom,8 gotas de milefólio pom,8 gotas de milenrama/granada
1691,8 drop Tangerine,8 gotas de tangerina,8 gotas de mandarina
1695,8 drop Thyme,8 gotas de tomilho,8 gotas de tomillo
1696,8 drop Turmeric,8 gotas de cúrcuma,8 gotas de cúrcuma
1697,8 drop Bergamot,8 gotas de bergamota,8 gotas de bergamota
1698,8 drop Coriander,8 gotas de coentro,8 gotas de semilla de cilantro
1699,8 drop DigestZen®,8 gotas de DigestZen®,8 gotas de DigestZen®
1700,8 drop Geranium,8 gotas de gerânio,8 gotas de geranio
1701,8 drop Peppermint,8 gotas de hortelã-pimenta,8 gotas de menta
1702,5 drop Frankincense,5 gotas de olíbano,5 gotas de incienso
1703,8 drop Neroli,8 gotas de néroli,8 gotas de neroli
1704,8 drop Rose,8 gotas de rosa,8 gotas de rosa
1705,8 drop Jasmine,8 gotas de jasmim,8 gotas de jazmín
1706,8 drop Carrier Oil,8 gotas de óleo carreador,8 gotas de aceite portador
1707,8 drop Spikenard,8 gotas de nardo,8 gotas de nardo
1708,8 drop Melissa,8 gotas de melissa,8 gotas de melisa
1709,8 drop Align®,8 gotas de Align®,5 gotas de Align®
1710,8 drop Douglas Fir,8 gotas de abeto de douglas,8 gotas de abeto douglas
1711,8 drop Spearmint,8 gotas de hortelã,8 gotas de hierbabuena
1712,8 drop AromaTouch®,8 gotas de AromaTouch®,8 gotas de AromaTouch®
1713,2 drop Grapefruit,2 gotas de toranja,2 gotas de toronja
1716,2 drop Serenity®,2 gotas de Serenity®,2 gotas de Serenity®
1717,2 drop Douglas Fir,2 gotas de abeto de douglas,2 gotas de abeto douglas
1718,2 drop Breathe®,2 gotas de Breathe®,2 gotas de Breathe®
1722,2 drop Vetiver,2 gotas de vetiver,2 gotas de vetiver
1724,1 drop Frankincense,1 gota de olíbano,1 gota de incienso
1725,1 drop Lemon,1 gota de limão siciliano,1 gota de limón
1730,10 drop Cypress,10 gotas de cipreste,10 gotas de ciprés
1737,1 drop Cheer®,1 gota de Cheer®,1 gota de Cheer®
1738,2 drop Balance®,2 gotas de Balance®,2 gotas de Balance®
1739,1 drop Wild Orange,1 gota de laranja lima,1 gota de naranja silvestre
1740,1 drop Magnolia,1 gota de magnólia,1 gota de magnolia
1741,2 drop Frankincense,2 gotas de olíbano,2 gotas de incienso
1754,10 ml Carrier Oil,10 mL de óleo carreador,10 ml de aceite portador
1756,10 drop Peppermint,10 gotas de hortelã-pimenta,10 gotas de menta
1757,10 drop Lavender,10 gotas de lavanda,10 gotas de lavanda
1770,5 drop Ice Blue,5 gotas de Ice Blue,5 gotas de Ice Blue
1771,5 drop Turmeric,5 gotas de cúrcuma,5 gotas de cúrcuma
1772,10 drop Copaiba,10 gotas de copaíba,10 gotas de copaiba
1773,10 drop Frankincense,10 gotas de olíbano,10 gotas de incienso
1778,12 drop Lemongrass,12 gotas de capim limão,12 gotas de lemongrass
1779,12 drop Clove,12 gotas de cravo,12 gotas de clavo
1800,2 drop Marjoram,2 gotas de manjerona,2 gotas de mejorana
1801,2 drop Roman Chamomile,2 gotas de camomila romana,2 gotas de manzanilla romana
1810,4 drop Peppermint,4 gotas de hortelã-pimenta,4 gotas de menta
1811,4 drop Lemon,4 gotas de limão siciliano,4 gotas de limón
1812,4 drop On Guard®,4 gotas de On Guard®,4 gotas de On Guard®
1819,2 drop Peppermint,2 gotas de hortelã-pimenta,2 gotas de menta
1821,2 drop ClaryCalm®,2 gotas de ClaryCalm®,2 gotas de ClaryCalm®
1822,2 drop Lavender,2 gotas de lavanda,2 gotas de lavanda
1823,2 drop Cypress,2 gotas de cipreste,2 gotas de ciprés
1854,Carrier Oil,Óleo Carreador,Aceite porador
1855,10 drop HD Clear®,10 gotas de HD Clear®,10 gotas de HD Clear®
1856,10 drop Melaleuca,10 gotas de tea tree,10 gotas de melaleuca
1857,10 drop Purify,10 gotas de Purify,10 gotas de Purify
1858,12 drop Petitgrain,12 gotas de Petitgrain,10 gotas de esencia de azahar
1859,1 tbsp Carrier Oil,1 colher de sopa de óleo carreador,1 cdta. de aceite portador
1860,1 drop Rose,1 gota de rosa,1 gota de rosa
1861,1 drop Lavender,1 gota de lavanda,1 gota de lavanda
1862,1 drop Geranium,1 gota de gerânio,1 gota de geranio
1863,1 drop Ylang Ylang,1 gota de ylang ylang,1 gota de  ylang ylang
1864,3 drop DDR Prime®,3 gotas de DDR Prime®,3 gotas de DDR Prime®
1865,3 drop Copaiba,3 gotas de copaíba,3 gotas de copaiba
1866,3 drop Basil,3 gotas de manjericão,3 gotas de albahaca
1867,4 drop Lavender,4 gotas de lavanda,4 gotas de lavanda
1868,5 drop Petitgrain,5 gotas de Petitgrain,5 gotas de esencia de azahar
1869,4 drop Marjoram,4 gotas de manjerona,4 gotas de mejorana
1894,12 drop Ylang Ylang,12 gotas de ylang ylang,12 gotas de ylang ylang
1895,12 drop Helichrysum,12 gotas de immortelle,12 gotas de helicriso
1896,18 drop Frankincense,18 gotas de olíbano,18 gotas de incienso
1897,12 drop Cassia,12 gotas de cássia,12 gotas de casia