en,es,pt
Cancer & Tumors,Cáncer y tumores,Câncer e Tumores
"Estrogen, Progesterone, & Thyroid Issues","Estrógeno, progesterona, y problemas de tiroides","Estrogênio, Progesterona e Problemas da Tireoide"
Candida & Fungal Issues,Candidiasis y problemas de hongo,Cândida e Problemas Fúngicos
Nerve Damage,Daño en los nervios,Neuropatia Periférica
Autoimmune Disorders,Trastornos autoinmunes,Transtornos Autoimunes
Seizures & Aging Brain,Convulsiones y envejecimiento del cerebro,Convulsões e Envelhecimento Cerebral
Breast Issues,Problemas de senos,Problemas de mama
Hot Flashes & Night Sweats,Bochornos y sudores nocturnos,Ondas de Calor e Suores Noturnos
Detox & Viruses,Desintoxicación y virus,Desintoxicação e Vírus
Inflammation Issues,Problemas de inflamación,Problemas inflamatórios
Discouraged & Unenthused,Desalentado y sin entusiasmo,Desanimado e Desentusiasmado
Tired & Weary,Cansado y agotado,Cansado e Esgotado
Lack or determination & Conviction,Falta de determinación y convicción,Falta de Determinação e Convicção
Afraid & Scared,Con miedo y asustado,Amedrontado e Assustado
Lack of confidence & Motivation,Falta de confianza y motivación,Falta de Confiança e Motivação
Confused & Overwhelmed,Confundido y agobiado,Confuso e Sobrecarregado
"Digestive Upset, Nervous & Agitated","Con malestar digestivo, nervioso y agitado","Estômago Embrulhado, Nervoso e Agitado"
Aches & Pains,Dolores y molestias,Sofrimentos e Dores
"Uncooperative & Obstinate, Out Of Control","Poco cooperativo y obstinado, fuera de control","Não cooperativo e obstinado, fora de controle"
Overstimulated & Overwhelmed,Sobreestimulado y agobiado,Superstimulado e Sobrecarregado
Disconnected From The Earth & Reality,Desconectado de la tierra y la realidad,Desconectado da Terra e Realidade
Focus Issues & Mood Swings,Problemas de enfoque y alteraciones del ánimo,Questões de foco e humor
Restless & Wound Up,Inquieto y alterado,Inquieto/Tenso
"Anger & Frustration, Tantrums","Ira y frustración, berrinches","Raiva e Frustração, birras"
"Grief & Sadness, Disappointment","Pena y tristeza, decepción","Luto e Tristeza, Desapontamento"
Bath & Bedtime Routine,Rutina de baño y sueño,Rotina de banho e hora de dormir
"Unsettled & Restless, Sleep Issues","Inquieto y agitado, problemas de sueño","Agitado e Insone, Problemas de Sono"
Stressed & Anxious,Estresado y ansioso,Estressado e ansioso
"Fussy, Easily Upset & Startled","Quisquilloso, fácil de molestarse y alarmado","Agitado, facilmente chateado e assustado"
"Uptight & Wound Up, Moody","Tenso y alterado, malhumorado","Nervoso e Tenso, Temperamental"
Muscle Aches & Growing Pains,Dolores musculares y dolores crecientes,Dores musculares e dores de crescimento
"Angry, Agitated & Irritable","Enojado, agitado e irritable","Irado, Agitado e Irritável"
Bath & Bedtime Routine,Rutina de baño y sueño,Rotina de banho e hora de dormir
Kill Germs & Microbes,Eliminar gérmenes y microbios,Matar germes e micróbios
Air & Odor Cleansing,Limpieza de aire y olores,Limpeza de Ar e Odor
Discouragement,Desaliento,Desencorajamento
Addictions,Adicciones,Vícios
Allergies,Alergias,Alergias
Acne,Acné,Acne
Surface Cleaning,Limpieza superficial,Limpeza de superfícies
Insect Repellent,Repelente de insectos,Repelente de insetos
Bug Bites & Stings,Mordeduras y picaduras de insectos,Picadas/mordidas de insetos
Laundry,Lavandería,Lavanderia
Deodorant,Desodorante,Desodorante
Lymphatic Detox,Desintoxicante linfático,Desintoxicação Linfática
"Kidney, Gallbladder & Liver Cleansing","Limpieza de riñón, vesícula biliar e hígado","Limpeza do Rim, da Vesícula Biliar e do Fígado"
Heavy Metal Detoxification Tract Infection,Desintoxicación de metales pesados e infecciones del tracto urinario,Desintoxicação de metais pesados Infecção do trato
Constipation & Urinary Tract Infection,Estreñimiento e infección del tracto urinario,Prisão de ventre e infecção do trato urinário
Weight Loss & Detoxification,Pérdida de peso y desintoxicación,Perda de peso e desintoxicação
Colitis & Jaundice,Colitis e ictericia,Colite e icterícia
Endocrine & Hormone Imbalance,Desequilibrio endocrino y hormonal,Desequilíbrio endócrino e hormonal
Adrenal Fatigue & Exhaustion,Fatiga y agotamiento suprarrenal,Fadiga Adrenal/Exaustão
Hangover,Resaca,Ressaca
"Lack of Confidence, Courage or Motivation","Inseguridad, falta de coraje o motivación","Falta de Confiança, Coragem ou Motivação"
Confusion & Overwhelm,Confusión y desconcierto,Confusão e sobrecarga
Mental Fatigue & Exhaustion,Fatiga mental y agotamiento,Fadiga Mental e Exaustão
Depletion & Stagnation,Agotamiento y estancamiento,Depleção e Estagnação
Depression,Depresión,Depressão
Physical Exhaustion,Agotamiento físico,Exaustão física
Digestive Issues,Problemas digestivos,Problemas digestivos
Bronchitis & Asthma,Bronquitis y asma,Bronquite e Asma
Aches & Pains,Dolores y molestias,Sofrimentos e Dores
Over- & Under-Active Brain Activity,Actividad cerebral excesiva o escasa,Atividade cerebral excessiva e insuficiente
"Mental Clarity, Focus & Concentration","Claridad mental, enfoque y concentración","Clareza Mental, Foco e Concentração"
Calming & Grounding,Tranquilizante y estabilizador,Calmante e Aterramento
"Nervousness, Anxiety & Depression","Nerviosismo, ansiedad y depresión","Nervosismo, Ansiedade e Depressão"
Stress & Hyperactivity,Estrés e hiperactividad,Estresse e hiperatividade
Mid-Afternoon Slump,Cansancio de media tarde,Depressão de final de tarde
Seizures,Convulsiones,Epilepsia (Convulsões)
Refreshing & Joyful,Refrescante y alegre,Refrescante e alegre
Immune Boost,Refuerzo del sistema inmunitario,Fortalecimento imunológico
Cold & Flu Prevention,Prevención de la gripe y el resfriado,Prevenção de Gripe e Resfriado
Headache & Migraine,Dolor de cabeza y migraña,Dor de cabeça e enxaqueca
Tension & Stress,Tensión y estrés,Tensão e Estresse
Neck & Shoulder Discomfort,Molestia en el cuello y los hombros,Desconforto no pescoço e ombros
Arthritis,Artritis,Artrite
Protecting & Warming,Protector y cálido,Proteger e aquecer
Low Energy & Exhaustion,Energía baja y agotamiento,Baixa Energia e Exaustão
"Stress, Anxiety & Depression","Estrés, ansiedad y depresión","Estresse, Ansiedade e Depressão"
Air Freshener,Ambientador,Purificador de ar
Antiseptic Cleaner,Limpiador antiséptico,Limpador antisséptico
Eating Disorders,Trastornos alimenticios,Distúrbios Alimentares
Perfume,Perfume,Perfume
Laundry,Lavandería,Lavanderia
Lymphatic & Immune Boost,Refuerzo del sistema linfático e inmunitario,Reforço Linfático e Imunológico
Muscle Aches & Arthritis,Dolores musculares y artritis,Dores musculares e artrite
"Headache, Neck & Back Pain","Dolor de cabeza, cuello y espalda","Dor de cabeça, dor no pescoço e nas costas"
Neuropathy & Restless Leg Syndrome,Neuropatía y síndrome de piernas inquietas,Neuropatia e Síndrome das Pernas Inquietas
Connective Tissue & Ligament Support,Refuerzo del tejido conectivo y los ligamentos,Apoio do tecido conjuntivo e ligamentos
Lymphatic Support,Refuerzo del sistema linfático,Apoio Linfático
High Blood Pressure,Hipertensión,Pressão Arterial Alta
Poor Circulation & Cold Extremities,Circulación deficiente y extremidades frías,Extremidades frias e má circulação
"Muscle Tension, Soreness & Cramps","Tensión muscular, molestia y calambres","Tensão Muscular, Dor e Cólicas"
Insecurity & Worry,Inseguridad y preocupación,Insegurança e preocupação
Nervousness & Irritability,Nerviosismo e irritabilidad,Nervosismo e Irritabilidade
Restlessness & Confusion,Inquietud y confusión,Inquietação e Confusão
"ADD, ADHD & Focus Issues","Trastornos ADD, ADHD y de atención","DDA, TDAH e Problemas de Foco"
"Stress, Mental Strain & Hyperactivity","Estrés, tensión mental e hiperactividad","Estresse, tensão mental e hiperatividade"
Addictions & Anorexia,Adicciones y anorexia,Vícios e Anorexia
Childbirth & Recovery,Parto y recuperación,Parto e Recuperação
Allergies & Overreaction,Alergias y reacción exagerada,Alergias e reação exagerada
Colic & Calming,Cólico y calmante,Cólica e Calmante
Infertility & Frigidity,Infertilidad y frigidez,Infertilidade e frigidez
Meditation,Meditación,Meditação
Repellent,Repelente,Repelente
Cellular Health,Salud celular,Saúde Celular
Sunscreen,Protector solar,Protetor solar
Skin Complaints,Afecciones de la piel,Enfermidades de pele
Healthy Boundaries,Límites saludables,Limites Saudáveis
Wood Polish,Refinamiento de la madera,Polidor de madeira
Insomnia & Sleep Issues,Insomnio y trastornos del sueño,Problemas de insônia e sono
Stress & Anxiety,Estrés y ansiedad,Estresse e Ansiedade
Fussy Baby & Restless Child,Bebé quisquilloso & niño inquieto,Bebê agitado e criança inquieta
Tension & Mood Swings,Tensión y alteraciones del ánimo,Tensão e alterações de humor
Skincare,Cuidado de la piel,Cuidados com a pele
Muscle Tension,Tensión muscular,Tensão Muscular
Perfume,Perfume,Perfume
Calm Fears & Nervousness,Calmar miedos y nerviosismo,Acalma Medos e Nervosismo
Bath & Bedtime Routine,Rutina de baño y sueño,Rotina de banho e hora de dormir
"Anger, Agitation & Irritability","Ira, agitación e irritabilidad","Raiva, Irritabilidade e Agitação"
"Muscle, Back & Joint Pain","Dolor muscular, de espalda y articular","Dor Muscular, nas Costas e nas Articulações"
Arthritis & Aches,Artritis y dolores,Artrite e dores
Neuropathy & Carpal Tunnel,Neuropatía y túnel carpiano,Neuropatia e Síndrome de Túnel de Carpo
Fibromyalgia & Lupus,Fibromialgia y lupus,Fibromialgia e Lúpus
Whiplash & Muscle Tension,Latigazo cervical y tensión muscular,Efeito chicote e tensão muscular
Pre- & Post-Workout,Ejercicio previo y posterior,Pré e pós-treino
Growing Pains,Dolores crecientes,Dores de crescimento
Headache & Neck Pain,Dolor de cabeza y de cuello,Dor de cabeça e dor no pescoço
Bruises & Injuries,Moretones y lesiones,Contusões e Lesões
Complimentary Yoga Poses,Poses de yoga de cortesía,Posições de Yoga Confortáveis
"Meditation, Prayer & Focus","Meditación, oración y enfoque","Meditação, Oração e Foco"
"Anchored, Courageous & Authentic","Anclado, valiente y auténtico","Ancorado, Corajoso e Autêntico"
"Composed, Calm & Rested","Compuesto, tranquilo y descansado","Composto, Calmo e Descansado"
"Rooted to the Earth, Speaking Truth","Arraigado a la Tierra, habla con la verdad","Enraizado na Terra, Falando Verdade"
Fearful & Disconnected,Temeroso y desconectado,Temeroso e Desconectado
Perfume,Perfume,Perfume
Headaches & Migraines,Dolores de cabeza y migrañas,Dores de cabeça e Enxaquecas
"Muscle Aches, Swelling & Cramping","Dolores musculares, inflamación y cólicos","Dores musculares, inchaço e cólicas"
Hangover,Resaca,Ressaca
Hot Flashes & Cooling,Bochornos y sensación de frío,Ondas de Calor e Resfriamento
Bruises & Burns,Moretones y quemadurass,Contusões e Queimaduras
Joint Pain,Dolor articular,Dor nas articulações
Tension & Stress,Tensión y estrés,Tensão e Estresse
Neck & Shoulder Pain,Dolor de cuello y hombros,Dor no pescoço e no ombro
Arthritis,Artritis,Artrite
Restful Sleep,Sueño relajante,Sono repousante
Hormone Balancing,Equilibrio hormonal,Equilíbrio hormonal
"Heavy Periods, PMS & Cramps","Periodos abundantes, síndrome premenstrual y cólicos","Períodos menstruais difíceis, TPM e Cólicas"
Pre & Perimenopause,Pre y perimenopausia,Pré e Perimenopausa
Hot Flashes,Bochornos,Calor da Menopausa
Mood Swings,Alteraciones del ánimo,Alterações de humor
Skin Issues & Wounds,Lesiones de la piel y heridas,Problemas de pele e feridas
Sex Drive & Low Libido,Deseo sexual y libido baja,Impulso sexual e baixa libido
"Energizing, Uplifting Mood & Environment","Energizante, revitaliza el estado de ánimo y ambiente","Energizar, Revigorar o Humor e o Ambiente"
"Calm, Supported & Relaxed","Tranquilo, apoyado y relajado","Calmo, Apoiado e Relaxado"
"Focused Heart, Mind & Body","Corazón, mente y cuerpo enfocados","Coração, Mente e Corpo Focados"
"Empowered, Meditation & Tranquility","Fortalecido, meditación y tranquilidad","Empoderado, Meditação e Tranquilidade"
Be true to self,Sé fiel a ti mismo,Seja Verdadeiro Consigo
Magnify your radiance in Feminine Energy,Magnifica tu resplandor en Energía femenina,Amplie seu Esplendor em Energia Feminina
Perfume,Perfume,Perfume
"Shock, Distress & Fear","Conmoción, angustia y miedo","Choque, aflição e medo"
Muscle Aches & Tension,Dolores musculares y tensión,Dores Musculares e Tensão
Growing Pains,Dolores crecientes,Dores de crescimento
"Headache, Migraines & Neck Pain","Dolor de cabeza, migrañas y dolor de cuello","Dor de cabeça, enxaquecas e dor no pescoço"
Bruises & Injuries,Moretones y lesiones,Contusões e Lesões
Bath & Bedtime Routine,Rutina de baño y sueño,Rotina de banho e hora de dormir
Complimentary Yoga Poses,Poses de yoga de cortesía,Posições de Yoga Confortáveis
Connectedness with Self and Higher Power,Conexión con uno mismo y con un poder superior,Conectividade com o Eu e com o Poder Superior
"Intentional, Action-Oriented & Manifesting","Intencional, orientado a la acción y manifestado","Intencional, Orientado à Ação e Manifestante"
"Uplifted, Courageous & Empowered","Elevado, valiente y fortalecido","Edificado, Corajoso e Empoderado"
"Overwhelmed, Mental Chatter, Lack of Clarity & Focus","Agobiado, parloteo mental, falta de claridad y enfoque","Sobrecarregado, tagarelice mental, falta de clareza e foco"
"Feeling Challenged, Depression & Mood Swings","Sentirse desafiado, depresión y cambios de humor","Sentir-se desafiado, depressão e alterações de humor"
Perfume,Perfume,Perfume
Elevate Mood & Mind,Estimulante del ánimo y la mente,Elevar o Humor e a Mente
Energize & Refresh,Energizante y refrescante,Energizar e Refrescar
Stress & Anxiety,Estrés y ansiedad,Estresse e Ansiedade
Depression & Mood Disorders,Trastornos de depresión y del ánimo,Depressão e Transtornos do Humor
Grief & Sorrow,Pena y aflicción,Luto e Pesar
Stimulating & Uplifting,Estimulante y edificante,Revigorante e edificante
Immunity,Inmunidad,Imunidade
"Discouraged, Enraged, Agitated & Irritated","Desalentado, enfurecido, agitado e irritado","Desencorajado, Enfurecido, Agitado e Irritado"
"Calm, Grounded & Relaxed","Tranquilo, centrado y relajado","Calmo, aterrado e relaxado"
"Focused Heart, Mind & Body","Corazón, mente y cuerpo enfocados","Coração, Mente e Corpo Focados"
"Mental Clarity, Meditation & Tranquility","Claridad mental, meditación y tranquilidad","Clareza Mental, Meditação e Tranquilidade"
Cologne,Colonia,Colônia
Women's Perfume,Perfume para mujer,Perfume feminino
"Forgiveness, Attachment & Holding on","Indulgencia, afección y apaciguamiento","Perdão, apego e retenção"
Anxiety,Ansiedad,Ansiedade
Ulcers & Liver Issues,Úlceras y problemas del hígado,Úlceras e problemas no fígado
Skin Infection & Damage,Infección y lesión de la piel,Infecção e danos da pele
Addictions & Irritability,Adicciones e irritabilidad,Vícios e Irritabilidade
Circulation,Circulación,Circulação
Fungus & Parasites,Hongos y parásitos,Fungos e Parasitas
Spiritual & Emotional Toxicity,Toxicidad espiritual y emocional,Toxicidade Espiritual e Emocional
"Hair Loss, Prostate Issues & Libido","Caída del cabello, problemas de próstata y libido","Queda de cabelo, problemas de próstata e libido"
Incontinence,Incontinencia,Incontinência
Emotional Repression,Represión emocional,Repressão emocional
Pneumonia & Asthma,Neumonía y asma,Pneumonia e asma
Allergies,Alergias,Alergias
Cough & Congestion,Tos y congestión,Tosse e Congestão
Bronchitis & Influenza,Bronquitis e influenza,Bronquite e Influenza
Sinusitis & Nasal Polyps,Sinusitis y pólipos nasales,Sinusite e pólipos nasais
Sleep Issues,Problemas de sueño,Problemas de sono
Constricted Breathing,Respiración obstruida,Respiração Constritiva
Exercise-induced asthma,Asma inducida por el ejercicio,Asma Induzida por Exercício
Balance Hormones,Equilibrio de hormonas,Equilibrar os hormônios
Perfume,Perfume,Perfume
Hot Flashes,Bochornos,Calor da Menopausa
Libido & Sex Drive,Libido y deseo sexual,Libido e impulso sexual
Anger,Ira,Raiva
Self-Expression & Presence,Autoexpresión y presencia,Auto-Expressão e Presença
Self-Confidence & Creativity,Confianza en sí mismo y creatividad,Autoconfiança e Criatividade
Wrinkles & Fine Lines,Arrugas y líneas finas,Rugas e Linhas Finas
Sun Damage & Skin Cancer,Daños ocasionados por el sol y cáncer de piel,Danos Solares e Câncer de Pele
Scars & Stretch Marks,Cicatrices y estrías,Cicatrizes e Estrias
Blemishes,Imperfecciones,Manchas
Tension & Mood Balance,Equilibrio de tensión y del estado de ánimo,Tensão e alterações de humor
Meditation,Meditación,Meditação
Cataracts,Cataratas,Catarata
Complimentary Yoga Poses,Poses de yoga de cortesía,Posições de Yoga Confortáveis
Scattered & Overwhelmed,Disperso y agobiado,Disperso e Sobrecarregado
"Aligned, Singleminded, Tranquil & Focused","Alineado, dedicado, tranquilo y enfocado","Alinhado, Sério, Tranquilo e Focado"
Accepted & Worthy,Aceptado y digno,Aceito e Digno
Meditation & Prayer,Meditación y oración,Meditação e Oração
Apathetic & Low Energy,Apático y energía baja,Apático e Baixa Energia
"Anger, Rage & Imbalanced Mood","Ira, rabia y estado de ánimo desequilibrado","Raiva, Fúria e Humor Desequilibrado"
Perfume,Perfume,Perfume
"ADD / ADHD, Hyperactivity","ADD o ADHD, Hiperactividad","DDA/TDAH, HIPERATIVIDADE"
Over & Underactive Brain,Actividad cerebral excesiva o escasa,Cérebro Hiperativo e Hipoativo
"Lack Of Mental Clarity, Focus & Concentration","Falta de claridad mental, enfoque y concentración","Clareza Mental, Foco e Concentração"
Overwhelmed & Overthinking,Agobiado y pensar de más,Oprimido e Pensar Excessivamente
Stressed Out & Ungrounded,Estresado y desenfocado,Estressado e sem Base
"Nervous, Anxious & Moody","Nervioso, ansioso y malhumorado","Nervoso, Ansioso e Mal-humorado"
Afternoon Slump & Disconnected,Cansancio por la tarde y desconectado,Depressão de Final de Tarde e Desconectado
Seizures,Convulsiones,Epilepsia (Convulsões)
"Bacteria & Viruses, Airborne Pathogens","Bacterias y virus, patógenos de transmision aérea","Bactérias e vírus, patógenos transportados pelo ar"
"Flu, Weak Immunity, Poor Recovery","Gripe, inmunidad débil, recuperación deficiente","Gripe, Imunidade Fraca, Má Recuperação"
Emotional Distress & Poor Boundaries,Angustia emocional y sin límites,Aflição emocional e limites fracos
"Staph, Strep Throat & Cough","Estafilococo, faringitis estreptocócica y tos","Estafilocócico, Garganta Inflamada e Tosse"
"Cold Sores, Warts & Infected Wounds","Herpes labial, verrugas y heridas infectadas","Aftas, verrugas e feridas infectadas"
Cuts & Scrapes,Cortes y heridas,Cortes e arranhões
Fungus & Parasites,Hongos y parásitos,Fungos e Parasitas
Chronic Fatigue & Autoimmune Disease,Fatiga crónica y enfermedad autoinmune,Fadiga Crônica e Doença Autoimune
Grief & Sadness,Pena y tristeza,Luto e Tristeza
Emotional Release & Reassurance,Relajamiento emocional y tranquilidad,Liberação emocional e reafirmação
Fear & Emotional Pain Relief,Alivio del miedo y del sufrimiento emocional,Medo e alívio emocional da dor
Brain Impairment,Deficiencia cerebral,Insuficiência Cerebral
Spiritual Connectivity & Meditation,Conectividad espiritual y meditación,Conectividade Espiritual e Meditação
Low Libido,Libido baja,Libido baixa
Skin Repair & Anti-Aging,Recuperación de la piel y antienvejecimiento,Reparo da pele e antienvelhecimento
Lung & Bronchial Infection,Infección pulmonar y bronquial,Infecção Pulmonar e Brônquica
"Urinary Infection, Edema & Constipation","Infección urinaria, edema y estreñimiento","Infecção Urinária, Edema e Constipação"
Irregular & Racing Heartbeat,Latidos irregulares y acelerados,Batimentos cardíacos irregulares e acelerados
Fear & Emotional Pain Relief,Alivio del miedo y del sufrimiento emocional,Medo e alívio emocional da dor
"Bloating, Gas, Heartburn, Nausea & Indigestion","Hinchazón, flatulencia, acidez, náusea e indigestión","Inchaço, gases, azia, náusea e indigestão"
Reflux & Colic,Reflujo y cólico,Refluxo e Cólica
Dry Or Sore Throat,Garganta seca o adolorida,Garganta Seca Ou Dolorida
Morning Sickness & Heartburn,Náuseas del embarazo y acidez,Enjoo matinal e azia
Motion & Travel Sickness,Náusea por movimiento o desplazamiento,Enjoo de Movimento e Viagem
Colitis & Irritable Bowel,Colitis e intestino irritable,Colite e Cólon Irritável
Diarrhea & Constipation,Diarrea y estreñimiento,Diarreia ou constipação
Crohn‰Ûªs Disease & Chronic Fatigue,Enfermedad de Crohn y fatiga crónica,Doença de Crohn‰Ûª e Fadiga Crônica
Food Poisoning,Intoxicación alimentaria,Intoxicação alimentar
Cough & Sinus Congestion,Tos y congestión nasal,Tosse e Congestionamento nasal
Stress & Anxiety,Estrés y ansiedad,Estresse e Ansiedade
Jet Lag & Travel Anxiety,Jet lag y ansiedad de viaje,Jet Lag e Ansiedade de Viagem
Mood Swings & Stress,Alteraciones del ánimo y estrés,Alterações de Humor e Estresse
Neurological Conditions,Condiciones neurológicas,Condições neurológicas
"Convulsions, Epilepsy & Parkinson‰Ûªs","Convulsiones, epilepsia y enfermedad de Parkinson","Convulsões, epilepsia e Parkinson‰Ûªs"
Tranquility & Meditation,Tranquilidad y meditación,Tranquilidade e Meditação
Anger & Rage,Ira y rabia,Ira e Raiva
"Fear, Grief & Trauma","Temor, pena y trauma","Medo, Luto e Trauma"
"Apathy, Depression & Energy Issues","Problemas de apatía, depresión y vitalidad","Apatia, depressão e problemas de energia"
Low Libido & Sexual Performance,Libido y desempeño sexual bajos,Baixa Libido e Desempenho Sexual
Mental Fog & Memory Issues,Confusión mental y problemas de memoria,Névoa Mental e Problemas de Memória
Stimulating,Estimulante,Estimular
Sluggish Digestion & Elimination,Digestión y eliminación lentas,Digestão e Eliminação Lentas
Lung & Sinus Congestion,Congestión pulmonar y nasal,Congestão pulmonar e nasal
Frigidity & Poor Circulation,Frigidez y circulación deficiente,Frigidez e má circulação
Menstruation & Menopause Issues,Problemas de menstruación y menopausia,Problemas de Menstruação e Menopausa
Infections,Infecciones,Infecções
Perfume,Perfume,Perfume
Killing Germs & Airborne Pathogens,Eliminador de gérmenes y patógenos de transmision aérea,Matar germes e patógenos transportados pelo ar
Seasonal Immune Boost,Refuerzo estacional del sistema inmunitario,Reforço Imunológico Sazonal
Colds & Flu,Gripes y resfriados,Resfriados e Gripes
"Staph, Strep Throat & Cough","Estafilococo, faringitis estreptocócica y tos","Estafilocócico, Garganta Inflamada e Tosse"
"Cold Sores, Warts & Infected Wounds","Herpes labial, verrugas y heridas infectadas","Aftas, verrugas e feridas infectadas"
Oral Health,Salud oral,Saúde Oral
Fungal & Parasite Issues,Problemas provocados por hongos y parásitos,Problemas de fungos e parasitas
Urinary Tract Issues,Problemas del tracto urinario,Infecções do trato urinário
Antiseptic & Laundry Cleaner,Limpiador antiséptico y para lavandería,Antisséptico e Lavanderia
Chronic Fatigue & Autoimmune Disease,Fatiga crónica y enfermedad autoinmune,Fadiga Crônica e Doença Autoimune
Acne & Pimples,Acné y espinillas,Acne e Espinhas
Oily Skin & Overactive Sebaceous Glands,Piel grasa y glándulas sebáceas hiperactivas,Pele Oleosa e Glândulas Sebáceas Hiperativas
Skin Blemishes & Irritations,Imperfecciones e irritaciones de la piel,Manchas e irritações da pele
Dermatitis & Eczema,Dermatitis y eccema,Dermatite e Eczema
Fungal & Bacterial Issues,Problemas provocados por hongos y bacterias,Problemas Fúngicos e Bacterianos
Depression & Discouragement,Depresión y desaliento,Depressão e Desânimo
Hysteria & Anxiety,Histeria y ansiedad,Histeria e Ansiedade
Disconnection,Distanciamiento,Desconexão
Cellular Health,Salud celular,Saúde Celular
Inflammation & Stiffness,Inflamación y rigidez,Inflamação e rigidez
Indigestion & Irritable Bowels,Indigestión e intestinos irritables,Indigestão e Intestino Irritável
Blood Sugar & Cholesterol,Contenido de azúcar en la sangre y colesterol,Açúcar no Sangue e Colesterol
Candida & Fungal Issues,Candidiasis y problemas de hongo,Cândida e Problemas Fúngicos
Viruses,Virus,Vírus
Cold Sores & Warts,Herpes labial y verrugas,Aftas e Verrugas
Respiratory Issues,Trastornos respiratorios,Problemas respiratórios
Repellent,Repelente,Repelente
Cancer,Cáncer,Câncer
Stimulant,Estimulante,Estimulante
Bacterial Support,Ayuda contra las bacterias,Suporte bacteriano
Skin Complaints,Afecciones de la piel,Enfermidades de pele
Sunscreen,Protector solar,Protetor solar
Meditation,Meditación,Meditação
Emotional Balance,Equilibrio emocional,Equilíbrio emocional
Addictions,Adicciones,Vícios
Insomnia,Insomnio,Insônia
Stress,Estrés,Estresse
Joint Issues & Muscle Cramps,Problemas articulares y calambres musculares,Problemas nas Articulações e Cãibras Musculares
Fungal Issues,Problemas provocados por hongos,Problemas Fúngicos
"Coughs, Infections & Bronchitis","Tos, infecciones y bronquitis","Tosses, Infecções e Bronquite"
"Acne, Oily Skin, Eczema & Psoriasis","Acné, piel grasa, eccema y psoriasis","Acne, Pele Oleosa, Eczema e Psoríase"
Appetite Loss,Pérdida del apetito,Perda de apetite
Self-Worth Issues,Autoestima baja,Problemas de Autoestima
Emotional Balance,Equilibrio emocional,Equilíbrio emocional
"Allergies, Itching, Rashes, Watery Eyes & Sneezing","Alergias, comezón, sarpullidos, ojos llorosos y estornudos","Alergias, Comichão, Erupções Cutâneas, Olhos Lacrimejantes e Espirros"
"Acne, Eczema, Psoriasis & Sunburn","Acné, eccema, psoriasis y quemadura de sol","Acne, eczema, psoríase e queimaduras solares"
"Fibromyalgia, Sciatica, Arthritis, & Rheumatism","Fibromialgia, ciática, artritis y reumatismo","Fibromialgia, Ciática, Artrite e Reumatismo"
"Fungal & Skin Infections, Spores","Infecciones causados por hongos y de la piel, esporas","Infecções Fúngicas e da Pele, Esporos"
"Asthma & Respiratory Issues, Hiccups","Problemas de asma y respiratorios, hipo","Asma e Problemas Respiratórios, Soluços"
"Tension & Sinus Headaches, Migraines, Toothache","Tensión y dolores de cabeza por sinusitis, migrañas, dolor de muelas","Tensão e Dores de Cabeça de Sinusite, Enxaqueca, Dor de Dente"
"Indigestion, Stomach Ulcers & Intestinal Worms","Indigestión, úlceras estomacales y lombrices intestinales","Indigestão, Úlcera Estomacal e Vermes Intestinais"
"Cold, Flu, Mumps, Chicken Pox, & Muscle Aches","Resfriado, gripe, varicela y dolores musculares","Resfriado, Gripe, Caxumba, Catapora e Dores Musculares"
Addictions & Low Self-Confidence,Adicciones y autoestima baja,Vícios e Baixa auto-estima
"Bug Bites, Scabies & Insect Repellent","Picaduras de insectos, sarna y repelente de insectos","Picadas de insetos, sarna e repelente de insetos"
Thyroid & Thymus Issues,Problemas de la tiroides o el timo,Problemas de tireoide e timo
Emotional Balance,Equilibrio emocional,Equilíbrio emocional
Endometriosis & Breast Cancer,Endometriosis y cáncer de mama,Endometriose e Câncer de Mama
Breast Enlargement,Agrandamiento de los senos,Aumento dos Seios
"Parkinson's, Seizures & Convulsions","Parkinson, ataques y convulsiones","Parkinson, espasmos e convulsões"
Child Birth & Low Milk Supply,Parto y suministro de leche escaso,Parto e Baixo Suprimento de Leite
Infertility & Prostate/uterine Health,Infertilidad y salud de la próstata y el útero,Infertilidade e Próstata/Saúde Uterina
Postpartum Depression & Anxiety,Depresión posparto y ansiedad,Depressão Pós-parto e Ansiedade
Hot Flashes,Bochornos,Calor da Menopausa
Pink Eye & Cataracts,Conjuntivitis y cataratas,Conjuntivite e Catarata
Insomnia,Insomnio,Insônia
Emotional Balance,Equilibrio emocional,Equilíbrio emocional
Liver & Brain Support,Refuerzo para el hígado y el cerebro,Suporte do Fígado e do Cérebro
Immune Boost,Refuerzo del sistema inmunitario,Fortalecimento imunológico
Circulation & Hypertension,Circulación e hipertensión,Circulação e Hipertensão
Tooth Pain & Cavities,Dolor de muelas y caries,Dor de Dente e Cáries
Thyroid Issues & Metabolism Support,Problemas de la tiroides y refuerzo para el metabolismo,Problemas de tireoide e auxilio ao metabolismo
Infection & Parasites,Infección y parásitos,Infecção e Parasitas
Smoking Addiction,Adicción a fumar,Tabagismo
Virus & Cold,Virus y resfriados,Vírus e Resfriado
Emotional Balance,Equilibrio emocional,Equilíbrio emocional
"Pain & Inflammation, Arthritis, Gout & Muscle Cramps","Dolor e inflamación, artritis, gota y calambres musculares","Dor e Inflamação, Artrite, Gota e Cãibras Musculares"
Liver Toxicity & Issues,Toxicidad y problemas del hígado,Toxicidade e problemas Hepáticos
"Tendonitis, Plantar Fasciitis & Heel Spurs","Tendinitis, fascitis plantar y espolón del talón","Tendinite, Fasceíte Plantar e de Calcanhar"
"Respiratory Issues, Sore Throat & Tonsils","Problemas respiratorios, dolor de garganta y amígdalas","Problemas Respiratórios, Dor de Garganta e Amígdalas"
Bedwetting & Incontinence,Mojar la cama e incontinencia,Enurese e Incontinência
Colitis & Intestinal Infections,Colitis e infecciones del intestino,Colite e Infecções Intestinais
Cancer & Autoimmune Disorders,Cáncer y trastornos autoinmunes,Câncer e Distúrbios Autoimunes
"Fungal, Bacterial & Viral Infections","Infecciones causadas por hongos, bacterias y virales","Infecções bacterianas, fúngicas e virais"
"Nausea, Vomiting, Abdominal Pain & Bloating","Náuseas, vómitos, dolor abdominal e hinchazón","Náusea, vômito, dor abdominal e inchaço"
"Dry Skin & Hair, Acne, Eczema, Psoriasis","Piel y cabello seco, acné, eccema, psoriasis","Pele e cabelo secos, Acne, Eczema, Psoríase"
"Aging Skin & Collagen Production, Wound Healing","Envejecimiento de la piel y producción de colágeno, cicatrización de heridas","Envelhecimento da pele e produção de colágeno, cicatrização de feridas"
Headaches & Migraines,Dolores de cabeza y migrañas,Dores de cabeça e Enxaquecas
Restless Leg & Poor Circulation,Síndrome de la pierna inquieta y circulación deficiente,Pernas Inquietas e Circulação Ruim
"Poor Urine Flow, Edema & Toxemia","Flujo de orina deficiente, edema y toxemia","Fluxo insuficiente de urina, edema e toxemia"
Bed Wetting & Incontinence,Mojar la cama e incontinencia,Enurese e incontinência
Varicose Veins & Hemorrhoids,Venas varicosas y hemorroides,Varizes e Hemorroidas
Cellulite,Celulitis,Celulite
Whooping & Spastic Cough,Tos convulsa y espástica,Coqueluche e Tosse Convulsiva
"Prostate, Pancreas & Ovary Issues","Problemas de la próstata, el páncreas y los ovarios","Problemas de Próstata, Pâncreas e Ovário"
Liver & Gallbladder Decongestant,Descongestionante hepático y biliar,Descongestionante do Fígado e Vesícula Biliar
"Heavy Periods, Endometriosis & Fibroids","Períodos abundantes, endometriosis y fibromas","Períodos menstruais difíceis, endometriose e miomas"
Calming & Energizing,Tranquilizante y energizante,Calmante e energizante
Emotional Balance,Equilibrio emocional,Equilíbrio emocional
Connective Tissue & Muscle Injuries,Lesiones del tejido conectivo y musculares,Lesões do Tecido Conjuntivo e Músculos
"Arthritis, Rheumatism & Gout","Artritis, reumatismo y gota","Artrite, Reumatismo e Gota"
Muscle Pain & Spasms,Dolores y espasmos musculares,Dor Muscular e Espasmos
Fever,Fiebre,Febre
"Bone Spurs, Gallstones, Kidney Stones & Cataracts","Proyecciones en el hueso, cálculos biliares, cálculos renales y cataratas","Esporões Ósseos, Pedras na Vesícula, Pedras nos Rins e Catarata"
Ulcers & Cramps,Úlceras y calambres,Úlceras e Cãibras
Broken Bones & Tooth Pain,Huesos rotos y dolor de muelas,Ossos Quebrados e Dor de Dente
Emotional Balance,Equilibrio emocional,Equilíbrio emocional
Congestion,Congestión,Congestão
Stomach Ache & Constipation,Dolor de estómago y estreñimiento,Dor de Estômago e Constipação
Colitis & Diarrhea,Colitis y diarrea,Colite e Diarreia
Gastritis & Stomach Ulcers,Gastritis y úlceras estomacales,Gastrite e Úlceras Estomacais
Menstrual & Muscular Pain,Dolor menstrual y muscular,Dor Menstrual e Muscular
Sore Throat & Fever,Dolor de garganta y fiebre,Dor de garganta e febre
Cataracts,Cataratas,Catarata
Mental Fatigue & Confusion,Fatiga mental y confusión,Fadiga Mental e Confusão
Pancreatitis,Pancreatitis,Pancreatite
Bad Breath & Household Odors,Mal aliento y olores del hogar,Hálito Ruim e Odores Domésticos
Cooking,Para cocinar,Cozinha
Emotional Balance,Equilibrio emocional,Equilíbrio emocional
"Constipation, Diarrhea & Gas","Estreñimiento, diarrea y flatulencia","Prisão de Ventre, Diarreia e Gases"
"Respiratory, Lymphatic Drainage & Cleansing",Drenaje y limpieza respiratoria y linfática,Drenagem Linfática e Respiratória e Limpeza
Poor Circulation & Cold Extremities,Circulación deficiente y extremidades frías,Extremidades frias e má circulação
Cataracts,Cataratas,Catarata
"Cold, Flu, Aches & Chills","Resfriados, gripe, dolores y escalofríos","Resfriado, Gripe, Dores e Calafrios"
Congested Airways,Vías respiratorias congestionadas,Vias Aéreas Congestionadas
Food Flavor,Sabor de los alimentos,Sabor dos Alimentos
Anxiety,Ansiedad,Ansiedade
"Cramps, Sprains & Muscle Spasms","Calambres, esguinces y espasmos musculares","Cãibras, Entorses e Espasmos Musculares"
Smoking,Fumar,Tabagismo
Cold Extremities,Extremidades frías,Extremidades frias
Upset Stomach & Vomiting,Malestar estomacal y vómitos,Gastrite Nervosa e Vômito
"Detox for Ear, Nose, Throat & Lungs","Desintoxicante de oídos, nariz, garganta y pulmones","Desintoxicação para Ouvido, Nariz, Garganta e Pulmões"
Water Retention & Kidney Infection,Retención de líquidos e infección renal,Retenção de água e Infecção Renal
Viruses & Bacteria,Virus y bacterias,Vírus e bactérias
Blood Sugar Balance,Regulación del contenido de azúcar en la sangre,Equilíbrio do Açúcar no Sangue
Metabolism Boost,Refuerzo para el metabolismo,Aumento do Metabolismo
Sexual Drive,Deseo sexual,Impulso Sexual
Cooking,Para cocinar,Cozinha
Emotional Balance,Equilibrio emocional,Equilíbrio emocional
Heavy Metal Detox,Desintoxicación de metales pesados,Desintoxicação de Metais Pesados
"Gas, Bloating & Constipation","Flatulencia, hinchazón y estreñimiento","Gases, Inchaço e Constipação"
Allergies,Alergias,Alergias
Liver & Kidney Support,Refuerzo para el hígado y el riñón,Suporte do Fígado e do Rim
Fungal & Bacterial Infections,Infecciones causadas por hongos y bacterias,Infecções fúngicas e bacterianas
Cooking,Para cocinar,Cozinha
Body Odor,Mal olor corporal,Odor corporal
Anxiety,Ansiedad,Ansiedade
Emotional Balance,Equilibrio emocional,Equilíbrio emocional
Mental Fog & Low Energy,Confusión mental y energía baja,Nevoa Mental e Baixa Energia
Depression & Tension,Depresión y tensión,Depressão e Tensão
Congestion & Sinus Issues,Problemas de congestión y sinusales,Congestão e problemas nasais
Respiratory Infection & Cough,Infección respiratoria y tos,Infecção Respiratória e Tosse
Muscle & Joint Soreness,Molestia muscular y articular,Dor muscular e articular
Rheumatic & Arthritic Conditions,Condiciones reumáticas y artritis,Condições artríticas e reumáticas
Constipation,Estreñimiento,Prisão de ventre
Skin Irritations & Cuts,Irritaciones y cortes en la piel,Irritação da pele e Cortes
Cellulite & Skin Cleansing,Celulitis y limpieza de la piel,Celulite e Limpeza da pele
Emotional Balance,Equilibrio emocional,Equilíbrio emocional
"Congestion, Cough, Bronchitis  & Pneumonia","Congestión, tos, bronquitis y neumonía","Congestão, Tosse, Bronquite e Pneumonia"
"Shingles, Malaria, Cold & Flu","Culebrilla, malaria, resfriados y gripe","Herpes, malária, resfriado e gripe"
"Asthma, Sinusitis & Respiratory","Asma, sinusitis y problemas respiratorios","Asma, Sinusite e Respiratório"
Fever & Heat Sensitivity,Fiebre y sensibilidad al calor,Febre e Sensibilidade ao calor
Muscle Fatigue & Pain,Fatiga y dolor muscular,Fadiga Muscular e Dor
Kidney Stones,Cálculos renales,Pedras nos rins
Cellulite,Celulitis,Celulite
Earaches,Dolor de oídos,Dores de Ouvido
Breast Issues & Cancer,Problemas y cáncer de mama,Problemas de mama e câncer
Mental Sluggishness,Lentitud mental,Lentidão mental
Dust Mites,Ácaros de polvo,Ácaros
Cleaning Disinfectant,Limpiador desinfectante,Desinfetante de limpeza
Emotional Balance,Equilibrio emocional,Equilíbrio emocional
"Spasms, Cramps & Sore Muscles","Espasmos, calambres y músculos adoloridos","Espasmos, cãibras e músculos doloridos"
"Nausea, Morning Sickness & Loss of Appetite","Náuseas, náuseas del embarazo y pérdida del apetito","Náusea, Enjoo matinal e Perda de apetite"
Motion Sickness & Vertigo,Mareo por movimiento y vértigo,Enjoo de movimento e Vertigem
Memory & Brain Support,Refuerzo para la memoria y el cerebro,Memória e Auxílio Cerebral
Heartburn & Reflux,Acidez y reflujo,Azia e Refluxo
Alcohol Addiction,Adicción al alcohol,Alcoolismo
Hormone & Blood Sugar Imbalances,Desequilibrios hormonales y del azúcar en la sangre,Desequilíbrio hormonal e de açúcar no sangue
Colic & Constipation,Cólicos y estreñimiento,Cólicas e Constipação
Neurotransmitter Deficiencies,Deficiencias neurotransmisoras,Deficiências de neurotransmissores
"Congestion, Sinusitis & Laryngitis","Congestión, sinusitis y laringitis","Congestão, sinusite e laringite"
"Cold, Flu & Sore Throat","Resfriados, gripe y dolor de garganta","Resfriado, gripe e dor de garganta"
Sprains & Broken Bones,Esguinces y huesos rotos,Entorses e ossos quebrados
Emotional Balance,Equilibrio emocional,Equilíbrio emocional
Wrinkles & Stretch Marks,Arrugas y estrías,Rugas e Estrias
"Nosebleeds, Bleeding & Hemorrhaging","Hemorragia nasal, sangrado y hemorragia","Hemorragias nasais, sangramentos e hemorragias"
"Scars, Wounds & Bruising","Cicatrices, heridas y moretones","Cicatrizes, feridas e contusões"
"Shock, Pain Relief & Nerve Damage","Shock, analgésico y daño en los nervios","Choque, alívio da dor e danos nos nervos"
Alcohol Addiction,Adicción al alcohol,Alcoolismo
Psoriasis & Skin Conditions,Psoriasis y enfermedades cutáneas,Psoríase e condições da pele
Varicose Veins,Venas varicosas,Varizes
Tinnitis & Earache,Tinnitus y dolor de oído,Zumbido e dor de ouvido
Sinus Congestion,Congestión sinusal,Congestão sinusal
Liver Issues & Heavy Metal Toxicity,Problemas hepáticos y toxicidad de metales pesados,Problemas hepáticos e toxicidade por metais pesados
Emotional Balance,Equilibrio emocional,Equilíbrio emocional
Depression & Anxiety,Depresión y ansiedad,Depressão e Ansiedade
"Uterine Health, Labor & Delivery",Salud uterina y parto,"Saúde uterina, trabalho de parto e parto"
Fine Lines & Wrinkles,Líneas de expresión y arrugas,Linhas Finas e Rugas
Pinkeye,Conjuntivitis,Conjuntivite
Exhaustion,Agotamiento,Exaustão
Irritated & Dry Skin,Piel irritada y seca,Pele Irritada e Seca
PMS & Menstrual Issues,Síndrome premenstrual y problemas menstruales,TPM e Problemas Menstruais
Ovulation & Fertility,Ovulación y fertilidad,Ovulação e Fertilidade
Perfume,Perfume,Perfume
Emotional Balance,Equilibrio emocional,Equilíbrio emocional
"Jaundice, Liver Issues & Detox","Ictericia, problemas hepáticos y desintoxicación","Icterícia, problemas do fígado e desintoxicação"
Kidney Stones & Infection,Cálculos e infección renales,Pedras e infecção nos rins
Acne & Psoriasis,Acné y psoriasis,Acne e psoríase
Urinary Health & Water Retention,Salud urinaria y retención de líquidos,Saúde Urinária e Retenção de Água
Sore Joints & Muscles,Dolor de articulaciones y músculos,Articulações e músculos doloridos
Bacteria & Viruses,Bacterias y virus,Bactérias e vírus
High Cholesterol & Blood Sugar Levels,Niveles altos de colesterol y azúcar en la sangre,Níveis elevados de colesterol e açúcar no sangue
"Tension, Stress & Depression","Tensión, estrés y depresión","Tensão, Estresse e Depressão"
Emotional Balance,Equilibrio emocional,Equilíbrio emocional
Sore Throat,Dolor de garganta,Dor de garganta
"Respiratory, Lymph & Liver Congestion","Congestión respiratoria, linfática y hepática","Congestão Respiratória, Linfática e Hepática"
Urinary & Digestive Issues,Problemas urinarios y digestivos,Problemas urinários e digestivos
Memory & Clarity,Memoria y claridad,Memória e Clareza
Exhaustion & Depression,Agotamiento y depresión,Exaustão e Depressão
Herpes & Cold Sores,Herpes y herpes labial,Herpes e Aftas
Chicken Pox,Varicela,Catapora
Head Lice,Piojos,Piolhos
Pain & Inflammation,Dolor e inflamación,Dor e Inflamação
Emotional Balance,Equilibrio emocional,Equilíbrio emocional
"Asthma Attack, Spastic Coughs, Bronchitis","Ataques de asma, tos espástica, bronquitis","Ataque de Asma, Tosse Espástica, Bronquite"
Acute & Chronic Back Pain,Dolor de espalda aguda y crónica,Dor nas costas aguda e crônica
"Eczema, Acne & Oily Skin","Eccema, acné y piel grasa","Eczema, acne e pele oleosa"
"High Blood Pressure, Irregular Heartbeat, Anxiety","Hipertensión, latidos irregulares, ansiedad","Pressão arterial alta, batimento cardíaco irregular, ansiedade"
"Cough, Cold, Chills & Infections","Tos, resfriados, escalofríos e infecciones","Tosse, resfriado, calafrios e infecções"
"Seasonal Blues, Negative Thinking or Speaking","Melancolía, pensar o hablar negativamente por temporadas","Tristeza sazonal, fala ou pensamento negativo"
"Nervous Tension, Headaches, Stressed Mind","Tensión nerviosa, dolores de cabeza, mente estresada","Tensão Nervosa, Dores de Cabeça, Mente Estressada"
"Nausea, Motion Sickness, Indigestion, Poor Appetite","Náuseas, mareo por movimiento, indigestión, falta de apetito","Náusea, enjoo de movimento, indigestão, falta de apetite"
"Cellulite, Excessive Perspiration, Athlete‰ÛªS Foot","Celulitis, transpiración excesiva, pie de atleta","Celulite, Transpiração Excessiva, Pé de Atleta"
Emotional Balance,Equilibrio emocional,Equilíbrio emocional
"Anxiety, Depression & Lack of Energy","Ansiedad, depresión y falta de energía","Ansiedade, Depressão e Falta de Energia"
"Irritability, Anger & Rage, Hysteria, Panic, Grief & Shock","Irritabilidad, ira y rabia, histeria, pánico, duelo y shock","Irritabilidade, Ira e Raiva, Histeria, Pânico, Sofrimento e Choque"
"Respiratory, Sinus & Lymphatic Congestion","Congestión respiratoria, sinusal y linfática","Congestão Respiratória, Sinusal e Linfática"
"Libido & Sex Drive, Breast & Prostate Issues","Problemas de la libido y deseo sexual, de senos y la próstata","Libido e Impulso Sexual, Problemas de mama e de próstata"
"Stressed, Worried, Uptight & Tense","Estresado, preocupado y tenso","Estressado, Preocupado, Nervoso e Tenso"
"Lack of Ability to Receive Love, Weak Heart Chakra","Falta de capacidad para recibir amor, Chakra del corazón débil","Incapacidade de receber amor, chakra do coração fraco"
"Abrasions & Wounds, Skin Irritations, Scars","Abrasiones y heridas, irritaciones de la piel, cicatrices","Abrasões e feridas, irritações da pele, cicatrizes"
Acne & Dry Skin,Acné y piel seca,Acne e Pele Seca
Insomnia & Sleep Issues,Insomnio y trastornos del sueño,Problemas de insônia e sono
Perfume,Perfume,Perfume
Emotional Balance,Equilibrio emocional,Equilíbrio emocional
"Carpal Tunnel, Tendinitis & Arthritis","Túnel carpiano, tendonitis y artritis","Síndrome de Túnel do Carpo, Tendinite e Artrite"
Muscle Cramps & Sprains,Calambres y esguinces musculares,Cãibras Musculares e Entorses
High Blood Pressure & Heart Issues,Hipertensión y problemas cardíacos,Pressão arterial alta e problemas cardíacos
Croup & Bronchitis,Crup y bronquitis,Laringite e Bronquite
Pancreatitis,Pancreatitis,Pancreatite
Overactive Sex Drive,Deseo sexual hiperactivo,Impulso sexual Hiperativo
"Boils, Cold Sores & Ringworm","Furúnculos, herpes labial y tiña","Furúnculos, aftas e micose"
Migraines & Headaches,Migrañas y dolores de cabeza,Dores de cabeça e Enxaquecas
Colic & Constipation,Cólicos y estreñimiento,Cólicas e Constipação
Calming & Anxiety,Tranquilizante y ansiedad,Relaxante e Ansiedade
Emotional Balance,Equilibrio emocional,Equilíbrio emocional
Gum Disease & Bleeding,Enfermedad y sangrado de encías,Gengivite e sangramento da gengiva
Fine Lines & Dry Skin,Líneas de expresión y piel seca,Linhas finas e pele seca
Thyroid & Immune Health,Salud de la tiroides e inmune,Tireoide e Saúde Imunológica
Digestive upset & Cramping,Malestar y calambres digestivos,Distúrbio digestivo e cólicas
Eczema & Wounds,Eccema y heridas,Eczema e Feridas
Infection & Virus,Infecciones y virus,Infecção e Vírus
Congestion & Mucus,Congestión y moco,Congestionamento e Muco
Meditation,Meditación,Meditação
Depression & Anxiety,Depresión y ansiedad,Depressão e Ansiedade
Emotional Balance,Equilibrio emocional,Equilíbrio emocional
Anxiety & Dopamine Issues,Problemas de ansiedad y dopamina,Ansiedade e problemas de dopamina
Shingles & Herpes,Culebrilla y herpes,Herpes-Zóster e Herpes
Dry Skin & Dandruff,Piel seca y caspa,Pele Seca e Caspa
Oily Hair & Impetigo,Cabello grasoso e impétigo,Cabelos Oleosos e Impetigo
Nerve Issues,Problemas de los nervios,Problemas nervosos
Body Odor,Mal olor corporal,Odor corporal
Fluid Retention,Retención de líquidos,Retenção de líquidos
Insect & Mosquito Repellent,Repelente de insectos y mosquitos,Repelente de Insetos e Mosquitos
"Insect Bites, Snake Bites & Stings",Mordeduras de insectos y víboras y picaduras,"Picadas de insetos, picadas de cobra e ferroadas"
Digest Toxic Material,Digerir el material tóxico,Digestão de material tóxico
Appetite & Weight Issues,Problemas de apetito y con el peso,Problemas de apetite e peso
Stretch Marks & Skin Issues,Estrías y problemas de la piel,Estrias e problemas de pele
Emotional Balance,Equilibrio emocional,Equilíbrio emocional
Stress & Shock,Estrés y shock,Estresse e choque
"Dry, Irritated & Aging Skin","Envejecimiento, deshidratación e irritación de la piel","Pele Seca, Irritada e Envelhecida"
Lower Blood Pressure,Hipotensión,Pressão arterial baixa
Sciatica & Lower Back Pain,Ciática y dolor en la parte baja de la espalda,Dor Ciática e lombar
Insomnia & Overexcitement,Insomnio y sobrexcitación,Insônia e Excesso de Excitação
PMS & Cramps,Síndrome premenstrual y cólicos,TPM e Cólicas
Fevers & Earaches,Fiebres y dolores de oído,Febres e Dores de Ouvido
"Anger, Irritability & Agitation","Ira, irritabilidad y agitación","Raiva, Irritabilidade e Agitação"
Parasites & Worms,Parásitos y lombrices,Parasitas e vermes
Anorexia,Anorexia,Anorexia
"Insect Bites, Bee & Hornet Stings","Mordeduras de insectos, picaduras de abejas y avispas","Picadas de insetos, ferroadas de abelha e zangão"
Allergies & Itchy Eyes,Alergias y picazón en los ojos,Alergias e coceira nos olhos
Emotional Balance,Equilibrio emocional,Equilíbrio emocional
Respiratory Infections & Conditions,Infecciones y condiciones respiratorias,Infecções e Condições Respiratórias
Prostate Issues & Nighttime Urination,Problemas de la próstata y micción nocturna,Problemas de próstata e micção noturna
Cancer,Cáncer,Câncer
Hair Loss & Dandruff,Pérdida de cabello y caspa,Queda de cabelo e caspa
Memory & Focus,Memoria y enfoque,Memória e Foco
Bell's Palsy & Multiple Sclerosis,Parálisis de Bell y esclerosis múltiple,Paralisia de Bell e Esclerose Múltipla
"Mental, Adrenal & Chronic Fatigue","Fatiga mental, suprarrenal y crónica","Fadiga Mental, Supra-Renal e Crônica"
"Jaundice, Liver & Kidney Issues","Ictericia, problemas hepáticos y renales","Icterícia, fígado e problemas renais"
"Nervousness, Depression, Addiction & Dopamine Issues","Problemas de nerviosismo, depresión, adicción y dopamina","Problemas de dopamina, nervosismo, depressão e vício"
Muscle & Bone Pain,Dolores musculares y óseos,Dor Muscular e Óssea
Cellulite,Celulitis,Celulite
Jet Lag,Jet lag (descompensación horaria),Jet Lag
Fainting,Desmayo,Desmaio
Emotional Balance,Equilibrio emocional,Equilíbrio emocional
"Indigestion, Nausea & Colic","Indigestión, náuseas y cólicos","Indigestão, náusea e cólica"
Bad Breath,Mal aliento,Mau hálito
Bronchitis & Respiratory Issues,Bronquitis y problemas respiratorios,Bronquite e Problemas Respiratórios
"Acne, Sores & Scars","Acné, úlceras y cicatrices","Acne, Feridas e Cicatrizes"
Cooling,Refrescante,Resfriar
Focus Issues,Problemas de enfoque,Problemas de Foco
Depression & Fatigue,Depresión y fatiga,Depressão e Fadiga
Stress & Nervous Issues,Problemas de estrés y nerviosismo,Estresse e Problemas Nervosos
Slow or Heavy Menstruation,Menstruación lenta o excesiva,Menstruação Lenta ou Intensa
Headaches & Migraines,Dolores de cabeza y migrañas,Dores de cabeça e Enxaquecas
Emotional Balance,Equilibrio emocional,Equilíbrio emocional
Aging & Irritated Skin,Envejecimiento e irritación de la piel,Pele Irritada e Envelhecida
"Insomnia, Stress & Tension","Insomnio, estrés y tensión","Insônia, Estresse e Tensão"
PMS & Menstrual Issues,Síndrome premenstrual y problemas menstruales,TPM e Problemas Menstruais
Candida & Vaginal Thrush,Candidiasis y candidiasis vaginal,Cândida e Afta Vaginal
"Convulsions, Seizures & Muscle Spasms","Convulsiones, ataques y espasmos musculares","Espasmos, Convulsões e Espasmos Musculares"
"Detoxing, Diuretic & Cellulite","Desintoxicante, diurético y para la celulitis","Desintoxicação, Diurético e Celulite"
Terminally ill & Hospice,Desahuciado y hospicio,Doença Terminal e Hospitalar
"Ulcers, Gas & Indigestion","Ulceras, flatulencias e indigestión","Úlceras, gases e indigestão"
Pinkeye & Rashes,Conjuntivitis y sarpullidos,Conjuntivite e erupções cutâneas
Perfume,Perfume,Perfume
"Anxiety, Depression & old emotional blocks","Ansiedad, depresión y viejos bloques emocionales","Ansiedade, Depressão e antigos bloqueios emocionais"
Emotional Balance,Equilibrio emocional,Equilíbrio emocional
"Antioxidant, Immune Boost & Cell Protection","Antioxidante, refuerzo del sistema inmunitario y protección celular","Antioxidante, Fortalecimento Imunológico e Proteção Celular"
"Sadness & irritability, impulsiveness","Tristeza e irritabilidad, impulsividad","Impulsividade, Tristeza e Irritabilidade"
"Sleep issues & Anxiety, Nervousness","Problemas de sueño y ansiedad, nerviosismo","Nervosismo, Problemas do Sono e Ansiedade"
"Digestive & Eliminative disturbances, Parasites",Trastornos digestivos y de eliminación parásitos,"Distúrbios Digestivos e de Eliminação, Parasitas"
Overthinking & Feeling Stuck,Pensar de más y sentirse atascado,Pensar excessivamente e sentir-se bloqueado
"Edema, Cellulite, Pocket fat","Edema, celulitis, bolsa de grasa","Edema, celulite, bolsa de gordura"
"Skin Irritations, Rashes & Burns","Irritaciones, sarpullidos y quemaduras de la piel","Irritação da pele, erupções cutâneas e queimaduras"
"Dry, Cracked Skin & Dandruff",Piel seca y agrietada y caspa,"Pele seca, rachada e caspa"
"Congestion, Coughs, Asthma","Congestión, tos, asma","Congestão, tosse e asma"
Boost Metabolism & Weight Loss,Refuerza el metabolismo y la pérdida de peso,Aumento do Metabolismo e Perda de Peso
"Poor Circulation, Convulsions","Circulación deficiente, convulsiones","Má circulação, Convulsões"
Achy Fatigued Muscles & Limbs,Músculos y extremidades adoloridos y fatigados,Músculos e Membros Doloridos e Fatigados
"Arthritis & Muscle Pain, Tension","Artritis y dolor muscular, tensión","Artrite e dores musculares, tensão"
Emotional Balance,Equilibrio emocional,Equilíbrio emocional
"Cold, Flu & Viruses","Resfriados, gripe y virus","Resfriado, Gripe e Vírus"
"Asthma, Croup & Pneumonia","Asma, crup y neumonía","Asma, Laringite e Pneumonia"
Candida & Parasites,Candidiasis y parásitos,Cândida e parasitas
"Infertility, Progesterone, Breast, Ovary & Prostate Issues","Problemas de infertilidad, progesterona, senos, ovarios y próstata","Problemas de infertilidade, progesterona, mama, ovário e próstata"
"Memory, Concentration & Dementia","Memoria, concentración y demencia","Memória, Concentração e Demência"
Low Blood Pressure,Presión arterial baja,Pressão arterial baixa
Incontinence & Bladder Infection,Incontinencia e infección de la vejiga,Incontinência e infecção da bexiga
Fibroids & Cancer,Fibromas y cáncer,Miomas e Câncer
Pain & Sore Muscles,Músculos adoloridos,Dor e músculos doloridos
"Fatigue, Stress & Depression","Fatiga, estrés y depresión","Fadiga, Estresse e Depressão"
Hair Loss,Pérdida de cabello,Perda de cabelo
Emotional Balance,Equilibrio emocional,Equilíbrio emocional
"Brain Fog, Lack of Motivation, Fatigue, Sleep Issues","Niebla cerebral, falta de motivación, fatiga y problemas de sueño","Névoa cerebral, falta de motivação, fadiga, problemas de sono"
"Allergies, Pet Shampoo, Insect Repellent","Alergias, champú para mascotas, repelente de Insectos","Alergias, shampoo para animais, repelente de insetos"
Lung Cancer & Aging,Cáncer de pulmón y envejecimiento,Câncer de pulmão e Envelhecimento
Menstrual & Muscular Aches & Pains,Dolores y molestias menstruales y musculares,Dor Menstrual e Muscular
"ADD, ADHD, Focus & Concentration","ADD, ADHD, enfoque y concentración","DDA, TDAH, Foco e Concentração"
Psoriasis & Eczema,Psoriasis y eccema,Psoríase e Eczema
Calming & Anxiety,Tranquilizante y ansiedad,Relaxante e Ansiedade
Cough & Sinus Issues,Tos y problemas de los senos nasales,Tosse e Congestionamento sinusal
Stroke & Seizures,ACV y convulsiones,AVC e Convulsões
"Urinary Tract, Bladder & Vaginal Infection","Infecciones del tracto urinario, vejiga y vaginales","Infecção do Trato Urinário, Bexiga e Vaginal"
Gum Issues,Enfermedad de las encías,Problemas de Gengiva
Insect Repellent,Repelente de insectos,Repelente de insetos
Acne,Acné,Acne
Emotional Balance,Equilibrio emocional,Equilíbrio emocional
Diabetes & High Blood Sugar,Diabetes e hiperglucemia,Diabetes e Açúcar no Sangue Elevado
Cold & Flu,Refriados y gripe,Gripe e Resfriado
Cholesterol & Heart Issues,Problemas de colesterol y cardíacos,Colesterol e Problemas Cardíacos
Oral Health,Salud oral,Saúde Oral
Fungus & Bacteria,Hongos y bacterias,Fungos e Bactérias
Kidney Infection,Infección renal,Infecção renal
Vaginal Health,Salud vaginal,Saúde Vaginal
Low Libido & Sexual Stimulant,Libido baja y estimulante sexual,Libido Baixa e Estimulante Sexual
Muscle Strain & Pain,Esguince y dolor muscular,Distensão Muscular e Dor
Cooking,Para cocinar,Cozinha
Emotional Balance,Equilibrio emocional,Equilíbrio emocional
Cancer & Tumors,Cáncer y tumores,Câncer e Tumores
Seizures & Trauma,Convulsiones y trauma,Convulsões e Trauma
"Alzheimer's disease, Dementia & Brain Injury","Enfermedad de Alzheimer, demencia y lesión cerebral","Mal de Alzheimer, Demência e Lesão Cerebral"
Depression,Depresión,Depressão
Wound healing & Wrinkles,Cicatrización de heridas y arrugas,Cicatrização de Feridas e Rugas
Scars & Stretch Marks,Cicatrices y estrías,Cicatrizes e Estrias
"Sciatica, Back Pain & Headaches","Ciática, dolor de espalda y dolores de cabeza","Dor ciática, dor nas costas e dores de cabeça"
Immune System & Cellular Health,Salud del sistema inmunitario y celular,Sistema Imunológico e Saúde Celular
Liver Detoxification & Jaundice,Desintoxicante hepático e ictericia,Desintoxicação hepática e Icterícia
Autoimmune Disorders,Trastornos autoinmunes,Transtornos Autoimunes
Warts,Verrugas,Verrugas
"Congestion, Cough & Allergies","Congestión, tos y alergias","Congestão, Tosse e Alergias"
Breast Cancer Prevention,Prevención del cáncer de mama,Prevenção de Câncer de Mama
"Meditation, Prayer & Focus","Meditación, oración y enfoque","Meditação, Oração e Foco"
Emotional Balance,Equilibrio emocional,Equilíbrio emocional
"Depressed, Agitated, Nervous, Inner Child Work","Deprimido, agitado, nervioso, terapia del niño interno","Deprimido, Agitado, Nervoso, Cuidar da Criança Interior"
Situational Anxiety,Ansiedad situacional,Transtorno de Ansiedade Situacional
"Gas, Sluggish Digestion, Constipation, Heartburn & Ulcers","Flatulencia, digestión lenta, estreñimiento, acidez y úlceras","Gás, digestão lenta, constipação, azia e úlceras"
"Poor Circulation, Congested Lymphs, Water Retention","Circulación deficiente, sistema linfático congestionado, retención de líquidos","Má Circulação, Gânglios Linfáticos Congestionados, Retenção de Água"
"Liver & Kidney Detox, Sluggish Bile Flow","Desintoxicación hepática y renal, flujo biliar lento","Desintoxicação do Fígado e do Rim, Fluxo Biliar Lento"
"Acne, Oily Skin, Wounds, Scars","Acné, piel grasa, heridas, cicatrices","Acne, pele oleosa, feridas, cicatrizes"
Imbalanced Blood Sugar & Fat Metabolism & Cholesterol,Contenido de azúcar en la sangre y metabolismo de la grasa desequilibrados y colesterol,"Desequilíbrio do açúcar no sangue, metabolismo das gorduras e colesterol"
"Cough, Respiratory Issues","Tos, problemas respiratorios","Tosse, Problemas Respiratórios"
Skin & Breast Cancer,Cáncer de piel o de mama,Câncer de pele e de mama
"Lack of Energy or Alertness, Mental Fatigue & Dementia","Falta de energía o estado de alerta, fatiga mental y demencia","Falta de energia ou estado de alerta, fadiga mental e demência"
"Wrinkles, Fine Lines & Age Spots, Stretch Marks","Arrugas, líneas de expresión y manchas de la edad, estrías","Rugas, linhas finas e manchas de idade, estrias"
"Winter blahs, Inauthenticity & Pretense, Lack of Perspective","Depresión por el invierno, inautenticidad y pretensión, falta de perspectiva","Reclamações, Inautenticidade e Pretensão, Falta de Perspectiva"
"Brain Fog, Lack of Concentration & Fatigue","Niebla cerebral, falta de concentración y fatiga","Névoa mental, falta de concentração e fadiga"
"Diabetes, Imbalanced Insulin & Glucose Levels","Diabetes, niveles de insulina y glucosa desequilibrados","Diabetes, níveis de insulina e glicose desequilibrados"
"Bronchitis & Asthma, Flu","Bronquitis y asma, gripe","Bronquite e Asma, Gripe"
"Constipation & Intestinal Cramping, Ulcers","Estreñimiento o calambres intestinales, úlceras","Constipação e Cólicas Intestinais, Úlceras"
"Bacterial, Fungal & Viral Infections, Parasites","Infecciones causadas por bacterias, hongos y virales, parásitos","Infecções bacterianas, fúngicas e virais, parasitas"
Sore Throat & Swollen Glands,Dolor de garganta y glándulas inflamadas,Dor de garganta e glândulas inchadas
"High Blood Pressure & Cholesterol, Poor Circulation","Hipertensión y colesterol, circulación deficiente","Pressão arterial alta e colesterol, má circulação"
"Overweight, Excessive Appetite, Detoxification","Sobre peso, apetito excesivo, desintoxicación","Excesso de peso, apetite excessivo, desintoxicação"
Kidney & Gallstones,Cálculos renales y biliares,Rim e cálculos biliares
pH Issues & Lymphatic Cleansing,Problemas del pH y limpieza linfática,Questões de Ph e Limpeza Linfática
Edema & Water Retention,Edema y retención de líquidos,Edema e Retenção de Água
Heartburn & Reflux,Acidez y reflujo,Azia e Refluxo
Congestion & Mucus,Congestión y moco,Congestionamento e Muco
Runny Nose & Allergies,Goteo nasal y alergias,Nariz escorrendo e alergias
"Gout, Rheumatism & Arthritis","Gota, reumatismo y artritis","Gota, reumatismo e artrite"
Liver & Kidney Detox,Desintoxicación hepática y renal,Desintoxicação do Fígado e do Rim
Degreaser & Furniture Polish,Desengrasante y lustrador de muebles,Desengordurante e polimento de móveis
Varicose Veins,Venas varicosas,Varizes
Concentration,Concentración,Concentração
Emotional Balance,Equilibrio emocional,Equilíbrio emocional
Bacterial Infections & Wounds,Infecciones causadas por bacterias y heridas,Infecções Bacterianas e Feridas
Spastic Cough & Congestion,Tos espástica y congestión,Tosse espástica e congestão
Abdominal & Muscular Cramps/spasms,Calambres o espasmos abdominales y musculares,Cãibras/espasmos abdominais e musculares
Convulsions & Seizures,Convulsiones y ataques,Espasmos e Convulsões
Fearful & Anxious thinking,Pensamiento temeroso y ansioso,Pensamento Temeroso e Ansioso
"Sudden Anger, Shock & Hysteria","Ira, shock e histeria repentina","Raiva repentina, choque e histeria"
Weakened Nerves & Insomnia,Nervios debilitados e insomnio,Nervos enfraquecidos e insônia
Body Odor,Mal olor corporal,Odor corporal
Dandruff & Oily Hair,Caspa y cabello grasoso,Caspa e cabelo oleoso
Palpitations & Hypertension,Palpitaciones e hipertensión,Palpitações e hipertensão
Nervousness & Excessive Sweating,Nerviosismo y sudor excesivo,Nervosismo e transpiração excessiva
Convalescence & Loneliness,Convalecencia y soledad,Convalescença e Solidão
"Dry, Cracked Skin & Acne",Piel seca y agrietada y acné,"Pele seca, rachada e acne"
Nausea & Vomiting,Náuseas y vómitos,Náusea e Vômito
Emotional Balance,Equilibrio emocional,Equilíbrio emocional
Chills & Flu,Escalofríos y gripe,Calafrios e Gripe
Whooping Cough & Bronchitis,Tos convulsa y bronquitis,Coqueluche e Bronquite
Nervous & Mental Fatigue,Fatiga nerviosa y mental,Fadiga Nervosa e Mental
Germs & Bugs,Gérmenes e insectos,Germes e Insetos
Muscle & Joint Pain,Dolor muscular y articular,Dor Muscular e nas Articulações
Emotional Balance,Equilibrio emocional,Equilíbrio emocional
"Acne & Oily Skin, Wounds","Acné y piel grasa, heridas","Acne e pele oleosa, feridas"
"Bloating, Gas, Hiccups & Indigestion, Colic, Leaky Gut","Hinchazón, flatulencia, hipo e indigestión, cólicos y síndrome de intestino permeable","Inchaço, gases, soluços e indigestão, cólicas, intestino preguiçoso"
"Congestion, Severe & Spastic Coughs","Congestión, tos severa y espástica","Congestão, tosse severa e espástica"
"Wrinkles, Age Spots, Scars, Stretch Marks","Arrugas, manchas de la edad, cicatrices y estrías","Rugas, linhas finas e manchas de idade, cicatrizes, estrias"
Low Libido,Libido baja,Libido baixa
"Bacterial Infections, Scars, Wounds","Infecciones causadas por bacterias, cicatrices, heridas","Infecções Bacterianas, Cicatrizes, Feridas"
Grief & Depression,Duelo y depresión,Luto e Depressão
Childbirth & Baby Blues,Parto y depresión posparto,Parto e Depressão pós parto
Irregular Ovulation & Menstuation,Ovulación y menstruación irregulares,Ovulação e Menstruação Irregulares
"Seizures, Brain Issues & Nerve Issue","Convulsiones, problemas cerebrales y problemas nerviosos","Convulsões, problemas cerebrais e problemas nervosos"
"Wrinkles, Facial Capillaries & Redness","Arrugas, capilares faciales y enrojecimiento","Rugas, Capilares Faciais e Vermelhidão"
"Semen Production, Impotency, & Prostate Issues","Problemas de producción de semen, impotencia y próstata","Produção de Sêmen, Impotência e Problemas de Próstata"
Perfume,Perfume,Perfume
Emotional Balance,Equilibrio emocional,Equilíbrio emocional
Flavoring & Natural Food Preservative,Saborizante y conservador de alimentos naturales,Aromatizante e conservante natural de alimentos
Odor & Surface Cleaning,Limpiador de olores y superficies,Odores e Limpeza de Superfícies
Perfume,Perfume,Perfume
Emotional Balance,Equilibrio emocional,Equilíbrio emocional
Macular Degeneration & Cataracts,Degeneración macular y cataratas,Distrofia Muscular e Catarata
Wrinkles & Age Spots,Arrugas y manchas de la edad,Rugas e manchas de idade
Odor & Spring Cleaning,Limpiador de olores y resortes,Odores e Limpeza de Primavera
Cooking & Flavoring,Para cocinar y saborizante,Cozinhar e Aromatizar
Emotional Balance,Equilibrio emocional,Equilíbrio emocional
"Bacterial, Fungal & Viral Infections","Infecciones causadas por bacterias, hongos y virales","Infecções bacterianas, fúngicas e virais"
"Nervous Afflictions, Tension, Hyperactivity in children","Aflicciones nerviosas, tensión, hiperactividad en niños","Aflições Nervosas, Tensão, Hiperatividade em Crianças"
"Increase Appetite, Ulcers, Upset Stomach & Esophageal Spasms","Aumenta el apetito, para úlceras, malestar estomacal y espasmos esofágicos","Aumentar o apetite, úlceras, dor de estômago e espasmos esofágicos"
"Liver, Urinary & Lymphatic Toxicity, Edema & Poor Bile Flow","Toxicidad renal, urinaria y linfática, edema y flujo biliar deficiente","Toxicidade hepática, urinária e linfática, edema e baixo fluxo biliar"
"Depression & Mental Fatigue, Convulsions","Depresión y fatiga mental, convulsiones","Depressão e fadiga mental, convulsões"
"Fear, Fatigue, Irritability, Tantrums & Hysteria","Miedo, fatiga, irritabilidad, berrinches e histeria","Medo, fadiga, irritabilidade, birras e histeria"
Lack of Sleep & Restlessness,Falta de sueño e inquietud,Falta de sono e inquietação
"Gout, Arthritis, Rheumatism","Gota, artritis, reumatismo","Gota, Artrite, Reumatismo"
Varicose Veins & Poor Circulationy,Venas varicosas y mala circulación,Varizes e má circulação
Odor & Surface Cleaning,Limpiador de olores y superficies,Odores e Limpeza de Superfícies
Flavoring & Protect food from bacteria,Saborizante y protector de alimentos contra bacterias,Aromatizar e proteger os alimentos de bactérias
Emotional Balance,Equilibrio emocional,Equilíbrio emocional
Cancer,Cáncer,Câncer
Sinusitis & Asthma,Sinusitis y asma,Sinusite e asma
Muscle & Joint Pain,Dolor muscular y articular,Dor Muscular e nas Articulações
Muscle Fatigue & Regeneration,Fatiga muscular y regeneración,Fadiga e Regeneração Muscular
Bursitis & Rheumatism,Bursitis y reumatismo,Bursite e Reumatismo
Airborne Pathogens,Patógenos de transmision aérea,Patógenos transportados pelo ar
Circulation issues & Bruising,Problemas de circulación y moretones,Questões de Circulação e Contusão
Stress & Foggy Mind,Estrés y mente nublada,Estresse e nevoeiro mental
Bronchitis & Congestion,Bronquitis y congestión,Bronquite e congestão
Colds & Flu,Gripes y resfriados,Resfriados e Gripes
Urinary Infection & Edema,Infección urinaria y edema,Infecção Urinária e Edema
Furniture Polish,Lustrador de muebles,Polimento de móveis
Emotional Balance,Equilibrio emocional,Equilíbrio emocional
Insomnia & Stress,Insomnio y estrés,Insônia e Estresse
Heartburn & Sluggish Bowels,Acidez e intestinos lentos,Azia e intestinos lentos
Scurvy & Colds,Escorbuto y resfriados,Escorbuto e resfriados
Menopause,Menopausia,Menopausa
"Depression, Fear, Anxiety & Irritability","Depresión, miedo, ansiedad e irritabilidad","Depressão, Medo, Ansiedade e Irritabilidade"
"Lack of Energy, Creativity & Productivity","Falta de energía, creatividad y productividad","Falta de Energia, Criatividade e Produtividade"
Concentration,Concentración,Concentração
Detox & Regeneration,Desintoxicación y regeneración,Desintoxicação e Regeneração
Digestive Upset due to Anxiety,Malestar digestivo causado por ansiedad,Distúrbio digestivo devido a ansiedade
Cooking,Para cocinar,Cozinha
Emotional Balance,Equilibrio emocional,Equilíbrio emocional
Gout & Rheumatism,Gota y reumatismo,Gota e Reumatismo
Teeth Whitening,Blanqueamiento dental,Clareamento dos dentes
Warming & Circulation to Extremities,Calentador y circulación a las extremidades,Aquecimento e Circulação para Extremidades
Arthritis & Joints,Artritis y articulaciones,Artrite e articulações
Neuralgia & Cramps,Neuralgia y calambres,Neuralgia e cãibras
Bone Spurs & Pain,Espolones óseos y dolor,Esporões ósseos e dor
Cartilage Injury & Bruising,Lesión del cartílago y moretones,Lesão de Cartilagem e Contusão
Rotator Cuff Issues & Frozen Shoulder,Problemas con el manguito rotador y hombro congelado,Problemas no manguito rotador e ombro congelado
Dandruff,Caspa,Caspa
Dermatitis,Dermatitis,Dermatite
Bladder Infection & Kidney Stones,Infección de la vejiga y cálculos renales,Infecção da bexiga e pedras nos rins
Emotional Balance,Equilibrio emocional,Equilíbrio emocional
"Bleeding, Hemorrhaging, Internal Wounds & Scarring","Sangrado, hemorragia, heridas internas y cicatrices","Sangramento, Hemorragia, Ferimentos Internos e Cicatrizes"
"Varicose Veins & Hemorrhoids, Sagging & Aging Skin","Venas varicosas y hemorroides, piel flácida y envejecimiento","Varizes e Hemorroidas, Flacidez e Envelhecimento da Pele"
Irregular or absent Menstruation & Early Menopause,Menstruación irregular o ausente y menopausia precoz,Menstruação irregular ou ausente e menopausa precoce
"Depression, Anxiety & Fatigue","Depresión, ansiedad y fatiga","Depressão, Ansiedade e Fadiga"
"Pain & Inflammation, Arthritis, Rheumatism","Dolor e inflamación, artritis, reumatismo","Dor e Inflamação, Artrite, Reumatismo"
"Fever, Viral Infection & Allergies","Fiebre, infección viral y alergias","Febre, Infecção Viral e Alergias"
Low Perspiration & Poor Circulation,Poca sudoración y mala circulación,Baixa Transpiração e Má Circulação
"Low Libido, Impotence, Infertility & Hormone Imbalance","Libido baja, impotencia, infertilidad y desequilibrio hormonal","Baixa Libido, Impotência, Infertilidade e Desequilíbrio Hormonal"
"Equilibrium & High Blood Pressure,",Equilibrio e hipertensión,Equilíbrio e pressão arterial alta
Irregular Heartbeat & Palpitations,Latidos irregulares y palpitaciones,Batimentos cardíacos irregulares e palpitações
"Adrenal, Mental, or Heart Fatigue/ Loss of will or Apathy","Fatiga suprarrenal, mental o cardíaca o pérdida de voluntad o apatía","Fadiga Adrenal, Mental ou Cardíaca/ Perda de Vontade ou Apatia"
"Anxiety, Frustration, Stress & Fear","Ansiedad, frustración, estrés o miedo","Ansiedade, Frustração, Estresse e Medo"
Hair Loss,Pérdida de cabello,Perda de cabelo
Colic & Stomach Ache,Cólico y dolor de estómago,Cólica e Dor Estomacal
Oily Skin,Piel grasa,Pele oleosa
Emotional Balance,Equilibrio emocional,Equilíbrio emocional
"Cancer, Free Radical Damage, Cellular Ovarian Health","Cáncer, daño de radicales libres, salud celular de los ovarios","Câncer, danos de radicais livres, saúde celular dos ovários"
"Acne, Eczema, Hair Loss & Scalp Issues","Acné, eccema, pérdida de cabello y problemas del cuero cabelludo","Problemas de acne, eczema, perda de cabelo e couro cabeludo"
"Sluggish Liver, Stomach & Intestines","Hígado, estómago e intestinos perezosos","Fígado, estômago e intestinos lentos"
Toothache & Loosened Teeth,Dolor de muelas y ferulización de dientes,Dor de dente e dentes soltos
"Indigestion, Belching, Bloating, & Ulcers","Indigestión, eructos, hinchazón y úlceras","Indigestão, arrotos, inchaço e úlceras"
Muscle & Respiratory Spasms,Espasmos musculares y respiratorios,Espasmos musculares e respiratórios
Metabolic Disorders & Blood Sugar Imbalance,Trastornos metabólicos y desequilibrio de azúcar en la sangre,Distúrbios metabólicos e desequilíbrio do açúcar no sangue
Emotional Balance,Equilibrio emocional,Equilíbrio emocional
Adrenal Fatigue,Fatiga suprarrenal,Fadiga adrenal
Earache,Ácaros del oído,Dor de ouvido
Loss of sense of smell,Pérdida del sentido del olfato,Perda do sentido do olfato
Migraines & Dizziness,Migrañas y mareos,Enxaquecas e Tontura
Mental Fatigue & Focus,Fatiga mental y enfoque,Fadiga mental e foco
Nausea & Cramping,Náuseas y cólicos,Náusea e Cólicas
Gout & Rheumatism,Gota y reumatismo,Gota e Reumatismo
Emotional Balance,Equilibrio emocional,Equilíbrio emocional
Muscle Spasms & Inflammation,Espasmos musculares e inflamación,Espasmos musculares e Inflamação
"Bug, Snake & Spider Bites","Picaduras de insectos, víboras y arañas","Picadas de insetos, cobras e aranhas"
Gas & Nausea,Flatulencia y náuseas,Gases e Náusea
High Blood Sugar & Diabetes,Hiperglucemia y diabetes,Açúcar no Sangue Elevado e Diabetes
Itchy Skin & Rashes,Picazón en la piel y sarpullidos,Comichão na pele e erupções cutâneas
Joint Pain,Dolor articular,Dor nas articulações
Neuropathy,Neuropatía,Neuropatia periférica
No Appetite,Falta de apetito,Falta de apetite
Food Poisoning & Diarrhea,Intoxicación alimentaria y diarrea,Intoxicação Alimentar e Diarreia
Body Odor,Mal olor corporal,Odor corporal
Low Energy & Nervous Exhaustion,Energía baja y agotamiento nervioso,Baixa Energia e Exaustão Nervosa
Emotional Balance,Equilibrio emocional,Equilíbrio emocional
"Nausea, Colic & Flatulence","Náuseas, cólicos y flatulencias","Náusea, cólica e flatulência"
Menstrual Issues & PMS,Problemas menstruales y síndrome premenstrual,Problemas Menstruais e TPM
Menopause & Premenopause Issues,Problemas de menopausia y menopausia precoz,Problemas da Menopausa e pré-menopausa
Cramps & Spasms,Cólicos y espasmos,Cãibras e espasmos
Breast Feeding or Low Milk Supply,Lactancia o suministro de leche escaso,Aleitamento Materno ou Baixa Produção de Leite
Edema & Fluid Retention,Edema y retención de líquidos,Edema e Retenção de Líquido
Cough & Congestion,Tos y congestión,Tosse e Congestão
Intestinal Parasites & Sluggish Bowels,Parásitos intestinales e intestinos perezosos,Parasitas Intestinais e Intestino Lento
Blood Sugar Imbalance,Desequilibrio de azúcar en la sangre,Desequilíbrio do açúcar no sangue
Hunger pains,Dolores por hambre,Dores de fome
Stroke,ACV,Acidente vascular cerebral
Emotional Balance,Equilibrio emocional,Equilíbrio emocional
Achy Joints & Muscle Pain,Articulaciones adoloridas y dolor muscular,Dor nas Articulações e Dor Muscular
"Dandruff, Scalp Issues","Caspa, problemas del cuero cabelludo","Caspa, problemas do couro cabeludo"
"Athlete's Foot, Toe Fungus or Fingernail Issues","Pie de atleta, hongos en los pies o problemas en las uñas","Pé de atleta, fungo do dedo do pé ou problemas na unha"
"Irritated & Chaffed Skin, Acne, Rashes","Piel irritada, acné, sarpullidos","Pele Irritada e Rachada, Acne, Erupções Cutâneas"
"Intestinal, Respiratory, Urinary Tract Bacterial Infection","Infecciones intestinales, respiratorios, del tracto urinario causadas por bacterias","Infecção bacteriana intestinal, respiratória e do trato urinário"
"Cold, Fever, Cough, Sinus Congestion, Asthma","Refriado, fiebre, tos, congestión sinusal, asma","Frio, febre, tosse, congestão sinusal, asma"
Muscles Spasms & Contractions,Espasmos y contracciones musculares,Espasmos musculares e contrações
"Indigestion, Spicy food issues, & Toxicity","Indigestión, problemas con la comida picante y toxicidad","Indigestão, problemas com comida picante e toxicidade"
"Seasonal Allergies & Sensitivity to Dust, Pets & Dander","Alergias estacionales y sensibilidad al polvo, mascotas y caspa","Alergias Sazonais e Sensibilidade à Poeira, Animais de Estimação e Pelos"
"Bites, Stings, & Burns","Mordeduras, picaduras y quemaduras","Mordidas, picadas e queimaduras"
"Ear & Fungal Infections, Herpes","Infecciones de oído y causadas por hongos, herpes","Infecções de ouvido e fúngicas, herpes"
"Damaged Skin & Scars, Wounds, Radiation Treatment Side Effects","Piel dañada y cicatrices, efectos secundarios causados por el tratamiento de radiación","Pele lesionada e cicatrizes, feridas, efeitos colaterais da radioterapia"
"Mental Stress, Anxiety, & High Blood Pressure","Estrés mental, ansiedad e hipertensión","Estresse mental, ansiedade e pressão arterial alta"
Emotional Balance,Equilibrio emocional,Equilíbrio emocional
"Lymphatic & Candida Cleansing, Cancer","Limpiador linfático y de candidiasis, cáncer","Limpeza linfática e de cândida, câncer"
"Crohn‰Ûªs disease, Nausea & Vomiting, Gas & Bloating, Poor Appetite","Enfermedad de Crohn, náuseas y vómitos, flatulencia e hinchazón, falta de apetito","Doença de Crohn, náusea e vômitos, gases e inchaço, falta de apetite"
Pain Medicine Addiction,Adicción a los analgésicos,Toxicodependência
"Gout, Rheumatism & Arthritis","Gota, reumatismo y artritis","Gota, reumatismo e artrite"
"PMS, Cramps, Menstrual Pain, Breast Health","Síndrome premenstrual, cólicos, dolor menstrual, salud de los senos","TPM, cólicas, dor menstrual, saúde da mama"
Respiratory Issues & Bronchitis,Problemas respiratorios y bronquitis,Problemas respiratórios e bronquite
Depression & Anxiety,Depresión y ansiedad,Depressão e Ansiedade
"Infection & Fever, Promote Perspiration","Infeccion y fiebre, promueve la sudoracion","Infecção e febre, promove a transpiração"
"Muscle Tension, Cramps, & Pain","Tensión muscular, calambres y dolor","Tensão muscular, cólicas e dor"
Fatigue & Lack of Alertness,Fatiga y falta de agudeza mental,Fadiga e falta de atenção
Insect Repellent,Repelente de insectos,Repelente de insetos
Protection from Negativity,Protección contra la negatividad,Proteção contra negatividade
"Aphrodisiac, Euphoric, Warming & Invigorating","Afrodisíaco, eufórico, cálido y vigorizante","Afrodisíaco, eufórico, reconfortante e revigorante"
"Metabolic Syndrome & Obesity, Blood Sugar, Cholesterol","Síndrome metabólico y obesidad, azúcar en la sangre, colesterol","Síndrome metabólica e obesidade, glicemia, colesterol"
Poor Circulation,Mala circulación,Má circulação
Flavoring,Saborizante,Aromatizante
Emotional Balance,Equilibrio emocional,Equilíbrio emocional
"Liver, Gallbladder, Pancreas & Kidney Issues","Problemas hepáticos, biliares, pancreáticos y renales","Problemas no fígado, vesícula biliar, pâncreas e rins"
Blood issues & Bleeding,Problemas de la sangre y sangrado,Problemas de sangue e sangramento
Cuts & Wounds,Cortes y heridas,Cortes e feridas
PMS & Hormone Balancing,Síndrome premenstrual y equilibrio hormonal,TPM e equilíbrio hormonal
Low Libido,Libido baja,Libido baixa
Dry or Oily Hair & Skin,Cabello y piel resecos o grasosos,Pele e cabelos secos ou oleosos
Moisturizer,Humectante,Hidratante
Body Odor,Mal olor corporal,Odor corporal
Emotional Balance,Equilibrio emocional,Equilíbrio emocional
Viruses & Bacterial Infections,Infecciones causadas por virus y bacterias,Vírus e infecções bacterianas
Strep Throat & Tonsillitis,Faringitis estreptocócica y amigdalitis,Garganta inflamada e amigdalite
Staph Infection & MRSA,Infección por estafilococo y SARM,Infecção por estafilococos e MRSA
Intestinal Worms & Parasites,Lombrices y parásitos intestinales,Vermes intestinais e parasitas
"Warts, Calluses & Canker Sores","Verrugas, callos y aftas","Verrugas, calos e aftas"
Pneumonia & Tuberculosis,Neumonía y tuberculosis,Pneumonia e tuberculose
Boost Progesterone,Fortalece la progesterona,Aumento de progesterona
Urinary Infection,Infección urinaria,Infecção urinária
"Athlete‰Ûªs Foot, Ringworm & Candida","Pie de atleta, tiña y Candidiasis","Pé de atleta, micose e cândida"
Carpal Tunnel & Rheumatism,Túnel carpiano y reumatismo,Síndrome do túnel do carpo e reumatismo
Emotional Balance,Equilibrio emocional,Equilíbrio emocional
Dry Skin & Scalp,Piel y cuero cabelludo resecos,Couro cabeludo e pele secos
Calming & Relaxing,Tranquilizante y relajante,Calmante e relaxante
Scars & Blemishes,Cicatrices e imperfecciones,Cicatrizes e manchas
Wound Care & Skin Infections,Para el cuidado de heridas e infecciones de la piel,Cuidado com feridas e infecções da pele
Spasms & Cramps,Espasmos y calambres,Espasmos e cólicas
Low Testosterone & Impotence,Testosterona baja e impotencia,Baixa testosterona e impotência
Sinus Infection,Infección sinusal,Sinusite
Cancer & Tumors,Cáncer y tumores,Câncer e Tumores
Alzheimer‰Ûªs disease,Enfermedad de Alzheimer,Mal de Alzheimer
Insomnia & Restlessness,Insomnio e inquietud,Insônia e inquietação
Meditation & Yoga,Meditación y yoga,Meditação e Yoga
Emotional Balance,Equilibrio emocional,Equilíbrio emocional
"Pain & Inflammation, Rheumatism, Arthritis & Gout, Tired & Achy Muscles","Dolor e inflamación, reumatismo, artritis y gota, músculos cansados y adoloridos","Dor e inflamação, reumatismo, artrite e gota, músculos cansados e doloridos"
"Constricted Breathing, Congestion, Cold, Flu, Fever & Sore Throat","Respiración obstruida, congestión, resfriado, gripe, fiebre y dolor de garganta","Respiração constritiva, congestão, resfriado, gripe, febre e dor de garganta"
Broken Bones & Osteoporosis,Huesos rotos y osteoporosis,Ossos quebrados e osteoporose
Candida & Urinary Infections,Candidiasis e infecciones urinarias,Cândida e infeções urinárias
"Poor Circulation, Hemorrhoids & Low Blood Pressure","Mala circulación, hemorroides y presión arterial baja","Má circulação, hemorroidas e pressão arterial baixa"
"Sluggish Digestion, Metabolism & Liver Function","Digestión, metabolismo y función hepática lentos","Digestão, metabolismo e função hepática lentos"
Body Odor,Mal olor corporal,Odor corporal
Cancer & Auto-Immune Disorders,Cáncer y trastornos autoinmunes,Câncer e distúrbios autoimunes
"Burns, Wounds, Eczema, Dermatitis","Quemaduras, heridas, eccema y dermatitis","Queimaduras, feridas, eczema e dermatite"
Hormone Balancing & Prostatitis,Equilibrio hormonal y prostatitis,Equilíbrio hormonal e prostatite
"Anxiety, Brain Fog & Exhaustion","Ansiedad, niebla cerebral y agotamiento","Ansiedade, confusão mental e exaustão"
Emotional Balance,Equilibrio emocional,Equilíbrio emocional
"Cancer & Tumors, Autoimmune Disorders","Cáncer y tumores, trastornos autoinmunes","Câncer e tumores, distúrbios autoimunes"
"Joint Pain & Swelling, Arthritis, Gout, Rheumatism","Dolor e inflamación articular, artritis, gota, reumatismo","Dor nas articulações e inchaço, artrite, gota e reumatismo"
"Fungal, Bacterial or Viral Infections","Infecciones causadas por hongos, bacterias o virales","Infecções fúngicas, bacterianas e virais"
"Alzheimers, Stroke, Poor Blood Supply","Alzheimer, ACV, suministro de sangre deficiente","Alzheimer, derrame, produção insuficiente de sangue"
"Blood & Lymph Purifier, Liver & Gallbladder Detox","Limpiador sanguíneo y linfático, desintoxicante hepático y biliar","Purificador de sangue e linfa, desintoxicação do fígado e da vesícula biliar"
Intestinal Worms & Parasites,Lombrices y parásitos intestinales,Vermes intestinais e parasitas
"Acne, Eczema & Psoriasis","Acné, eccema y psoriasis","Acne, eczema e psoríase"
"Depression & Discouragement, Tension & Anxiety","Depresión y desaliento, tensión y ansiedad","Depressão e desânimo, tensão e ansiedade"
"Ulcers, Gas & Bloating, Indigestion, Compromised Intestinal Flora","Úlceras, flatulencia e hinchazón, indigestión, flora intestinal comprometida","Úlcera, gases e inchaço, indigestão, flora intestinal comprometida"
"Poor Circulation, Diabetes & Metabolism, High Cholesterol","Mala circulación, diabetes y metabolismo, colesterol alto","Má circulação, diabetes e metabolismo, colesterol alto"
"Cough, Respiratory Issues & Bronchitis","Tos, problemas respiratorios y bronquitis","Tosse, problemas respiratórios e bronquite"
Sore Muscles & Menstrual Cramps,Músculos adoloridos y cólicos menstruales,Músculos doloridos e cólicas menstruais
Cavities & Oral Health,Caries y salud oral,Cáries e saúde oral
"Insect Repellent, Bites & Stings","Repelente de insectos, mordeduras y picaduras","Repelente, picadas e ferroadas de insetos"
Cooking & Natural Food Preservative,Para cocinar y conservador de alimentos naturales,Cozinha e conservante de alimentos naturais
Emotional Balance,Equilibrio emocional,Equilíbrio emocional
Cancer & Tumors,Cáncer y tumores,Câncer e Tumores
Blood Pressure & Cholesterol,Presión arterial y colesterol,Pressão arterial e colesterol
Connective Tissue Injury,Lesión en el tejido conectivo,Lesão do Tecido Conjuntivo
"Joint, Tendon & Ligament Pain","Dolor articular, de tendones y ligamentos","Dor nas articulações, tendão e ligamento"
Lymphatic Congestion,Congestión linfática,Congestão linfática
Cooking,Para cocinar,Cozinha
Hypo or Hyperthyroid,Hipo o hipertiroidismo,Hipotireoidismo ou hipertireoidismo
Bladder & Kidney Infection/stones,Infecciones o cálculos de la vejiga y renales,Infecção da bexiga/pedra nos rins
Constipation & Water Retention,Estreñimiento y retención de líquidos,Constipação e retenção de água
Cataracts,Cataratas,Catarata
Emotional Balance,Equilibrio emocional,Equilíbrio emocional
Cuts & Wounds,Cortes y heridas,Cortes e feridas
"Bacteria, Viruses & Diarrhea","Bacterias, virus y diarrea","Bactéria, vírus e diarreia"
Cankers & Cold Sores,Aftas y herpes labial,Aftas
Athlete‰ÛªS Foot & Candida Issues,Problemas de pie de atleta y Candidiasis,Pé de atleta e problemas de cândida
Sore Throat & Tonsillitis,Dolor de garganta y amigdalitis,Dor de garganta e amigdalite
"Dandruff, Scabies, Lice","Caspa, sarna, piojos","Caspa, escabiose, piolhos"
Ear Infections,Infecciones de oído,Infecções de ouvido
Shock,Conmoción,Choque
"Acne, Pinkeye, Staph Infection & MRSA","Acné, conjuntivitis, infección por estafilococo y SARM","Acne, conjuntivite, infecção por estafilococos e MRSA"
"Bronchitis, Cold & Flu","Bronquitis, resfriado y gripe","Bronquite, resfriado e gripe"
"Hives, Rashes & Itchy Eyes","Urticaria, sarpullido y picazón en los ojos","Urticária, erupções cutâneas e coceira nos olhos"
Cavities & Gum Disease,Caries y enfermedad de las encías,Cáries e gengivite
Emotional Balance,Equilibrio emocional,Equilíbrio emocional
Muscle Spasms,Espasmos musculares,Espasmos musculares
Nervousness,Nerviosismo,Nervosismo
Sugar Addiction & Pancreas Support,Adicción al azúcar y refuerzo para el páncreas,Vício em açúcar e auxílio do pâncreas
Low Breast Milk Supply,Suministro escaso de leche materna,Baixa produção de leite materno
Detox & Electrolyte Balance,Desintoxicación y equilibrio electrolítico,Desintoxicação e equilíbrio de eletrólitos
Cholesterol & High Blood Pressure,Colesterol e hipertensión,Colesterol e pressão arterial alta
Respiratory Issues,Trastornos respiratorios,Problemas respiratórios
"Gas, Bloating & Indigestion","Flatulencia, hinchazón e indigestión","Gases, inchaço e indigestão"
Lack of Menstruation,Ausencia de menstruación,Ausência de menstruação
Colic,Cólico,Cólica
Emotional Balance,Equilibrio emocional,Equilíbrio emocional
Weight Loss & Obesity,Pérdida de peso y obesidad,Perda de peso e obesidade
Breast & Uterine Issues & Progesterone Balance,Problemas de senos y útero y equilibrio de progesterona,Problemas mamários e uterinos e equilíbrio de progesterona
Addictions & Sugar Cravings,Adicciones y antojos de comer azúcar,Vícios e desejos de açúcar
Oily Skin & Acne,Piel grasa y acné,Acne e pele oleosa
Detoxification & Cellulite,Desintoxicación y celulitis,Desintoxicação e celulite
Lymphatic & Kidney Toxicity,Toxicidad linfática y renal,Toxicidade linfática e renal
Adrenal Fatigue,Fatiga suprarrenal,Fadiga adrenal
Gallstones & Gallbladder Support,Cálculos biliares y refuerzo de la vesícula biliar,Pedra na vesícula e auxílio da vesícula biliar
Hangover & Jet Lag,Resaca y jet lag,Ressaca e jet lag
Emotional Balance,Equilibrio emocional,Equilíbrio emocional
Sleep Issues,Problemas de sueño,Problemas de sono
"Stress, Anxiety & Teeth Grinding","Estrés, ansiedad y bruxismo","Estresse, ansiedade e bruxismo"
"Sunburns, Burns & Scars","Quemaduras de sol, quemaduras y cicatrices","Queimaduras solares, queimaduras e cicatrizes"
Allergies & Hay Fever,Alergias y fiebre de heno,Alergias e rinite alérgica
Colic & upset baby,Cólicos y bebé molesto,Cólica e bebê agitado
"Cuts, Wounds & Blisters","Cortes, heridas y ampollas","Cortes, feridas e bolhas"
Bug Bites & Hives,Picaduras de insecto y urticaria,Picadas de insetos e urticária
Nosebleeds & Pink Eye,Hemorragias nasales y conjuntivitis,Sangramento nasal e conjuntivite
High Blood Pressure,Hipertensión,Pressão Arterial Alta
Migraines & Headaches,Migrañas y dolores de cabeza,Dores de cabeça e Enxaquecas
Emotional Balance,Equilibrio emocional,Equilíbrio emocional
"Loss of Sexual Arousal, Impotence, Erectile Dysfunction & Frigidity","Pérdida de excitación sexual, impotencia, disfunción eréctil y frigidez","Perda de excitação sexual, impotência, disfunção erétil e frigidez"
"Chronic & Stress-Related or Nervous Depression, Elevated Cortisol Levels & Tension Headaches","Depresión crónica y por estrés o nerviosa, niveles elevados de cortisol y dolores de cabeza tensionales","Depressão crônica e relacionada ao estresse ou nervosa, níveis elevados de cortisol e cefaleia de tensão"
"Damaged, Dry, Wrinkled, Sagging & Scarred Skin","Piel dañada, reseca, arrugada, flácida y con cicatrices","Pele danificada, seca, enrugada, com flacidez e cicatrizes"
Childbirth & Pregnancy,Parto y embarazo,Parto e gravidez
"Heart Palpitations, High Blood Pressure, & Seizures","Palpitaciones del corazón, hipertensión y convulsiones","Palpitações cardíacas, pressão arterial alta e convulsões"
"Menopause & Chronic Insomnia, Pms, Estrogen Imbalance","Menopausia e insomnio crónico, síndrome premenstrual, desequilibrio de estrógeno","Menopausa, insônia crônica, TPM, desequilíbrio do estrogênio"
"Hysteria, Panic, Grief, Shock, Irritation & Anger","Histeria, pánico, duelo, shock, irritación e ira","Histeria, pânico, sofrimento, choque, irritação e ira"
"Overthinking, Overwhelm, Confusion & Distressed Thinking","Pensar de más, desconcierto, confusión y pensamiento afligido","Pensar demais, sobrecarga, confusão e pensamento angustiado"
"Menstrual & Muscle Cramps, Spastic Coughs","Cólicos menstruales y musculares, tos espástica","Cólicas menstruais e musculares, tosse espástica"
"Cramping From Indigestion, Colitis, Diarrhea & Food Poisoning","Cólicos causados por la indigestión, colitis, diarrea e intoxicación alimentaria","Cólica por indigestão, colite, diarreia e intoxicação alimentar"
"Acne & Related Dark Spots, Eczema, Rashes","Acné y manchas oscuras relacionadas, eccema, sarpullidos","Acne e manchas escuras, eczema e erupções cutâneas"
"Wound Disinfectant, Athlete's Foot, Ringworm, Painful Tetanus Injection Site","Desinfectante de heridas, pie de atleta, tiña, sitio de inyección de tétanos doloroso","Desinfetante de feridas, pé de atleta, micose, local dolorido da injeção de tétano"
"Deodorant, Perfume & Room Freshener","Desodorante, perfume y ambientador","Desodorante, perfume e ambientador"
Emotional Balance,Equilibrio emocional,Equilíbrio emocional
"Fevers, Colds & Viral Infections","Fiebres, resfriados e infecciones virales","Febres, resfriados e infecções virais"
"Cold Sores, Herpes & Fever Blisters","Herpes labial, herpes y ampollas febriles","Aftas, herpes e herpes labial"
"Depression, Anxiety & Shock","Depresión, ansiedad y shock","Depressão, ansiedade e choque"
"Bites, Stings & Warts","Mordeduras, picaduras y verrugas","Picadas, ferroadas e verrugas"
Allergies,Alergias,Alergias
"Hypertension, Palpitations & High Blood Pressure","Hipertensión, palpitaciones y presión arterial alta","Hipertensão, palpitações e pressão arterial alta"
Vertigo,Vértigo,Vertigem
Eczema,Eccema,Eczema
"Infertility, Sterility & Menstrual Issues","Infertilidad, esterilidad y problemas menstruales","Infertilidade, esterilidade e problemas menstruais"
Dysentery & Indigestion,Disentería e indigestión,Disenteria e indigestão
Emotional Balance,Equilibrio emocional,Equilíbrio emocional
Alertness & Energy,Lucidez mental y energía,Atenção e energia
Fevers & Hot Flashes,Fiebres y bochornos,Febres e calor da menopausa
Burns & Sunburn,Quemaduras y quemaduras de sol,Queimaduras e queimaduras solares
Memory issues & Autism,Problemas de memoria y autismo,Problemas de memória e autismo
Cravings,Antojos,Desejos
Muscle Stiffness & Tension,Rigidez y tensión muscular,Rigidez e tensão muscular
Allergies & Hives,Alergias y urticaria,Alergias e urticárias
Headaches & Migraines,Dolores de cabeza y migrañas,Dores de cabeça e Enxaquecas
Bad Breath & Hangover,Mal aliento y resaca,Mau hálito e ressaca
Asthma & Sinusitis,Asma y sinusitis,Asma e sinusite
Decrease Milk Supply,Suministro de leche bajo,Diminuição na produção de leite
Loss of Sense of Smell,Pérdida del sentido del olfato,Perda do sentido do olfato
Gastritis & Digestive discomfort,Gastritis y malestar digestivo,Gastrite e desconforto digestivo
Gamma Radiation Exposure,Exposición a la radiación gamma,Exposição a radiação gama
Emotional Balance,Equilibrio emocional,Equilíbrio emocional
Learning difficulties & Poor Retention,Dificultades de aprendizaje y retención escasa,Dificuldades de aprendizagem e de retenção
"PTSD, Depression & Anxiety",Trastorno de estrés postraumático y ansiedad,"TEPT, depressão e ansiedade"
Insomnia & Irritability,Insomnio e irritabilidad,Insônia e irritabilidade
Anorexia,Anorexia,Anorexia
Vitiligo,Vitiligo,Vitiligo
Tuberculosis,Tuberculosis,Tuberculose
Breast Enlargement,Agrandamiento de los senos,Aumento dos Seios
Postpartum Depression,Depresión posparto,Depressão pós-parto
"Stretch Marks, Discoloration & Scars","Estrías, decoloración y cicatrices","Estrias, descoloração e cicatrizes"
Emotional Balance,Equilibrio emocional,Equilíbrio emocional
"Weight Loss, Obesity & Low Metabolism","Pérdida de peso, obesidad y metabolismo lento","Perda de peso, obesidade e metabolismo baixo"
Cellulite,Celulitis,Celulite
Over-Fatigue & Eating Disorders,Fatiga exagerada y trastornos alimentarios,Excesso de fadiga e distúrbios alimentares
Appetite & Cravings,Apetito y antojos,Apetite e desejos
Lymphatic Stimulant & Support,Estimulante y refuerzo del sistema linfático,Estimulante e auxílio linfático
Congestion & Colds,Congestión y resfriados,Congestão e resfriados
Urinary Tract Support,Refuerzo del tracto urinario,Auxílio do trato urinário
Blood Sugar Balance,Regulación del contenido de azúcar en la sangre,Equilíbrio do Açúcar no Sangue
Detoxification & Cleansing,Desintoxicación y limpieza,Desintoxicação e limpeza
Digestive Stimulant & Calming,Estimulante y tranquilizante digestivo,Estimulante e calmante digestivo
High Cholesterol,Colesterol alto,Colesterol alto
Gallbladder Issues & Stones,Problemas y cálculos biliares,Problemas e pedras na vesícula biliar
Inflammation Issues,Problemas de inflamación,Problemas inflamatórios
Emotional Balance,Equilibrio emocional,Equilíbrio emocional
"ADD, ADHD, & Low GABA Levels","ADD, ADHD, y niveles de GABA bajos","DDA, TDAH e baixos níveis de GABA"
Emotional Balance,Equilibrio emocional,Equilíbrio emocional
Endometriosis & PMS,Endometriosis y síndrome premenstrual,Endometriose e TPM
High Blood Pressure & Atherosclerosis,Hipertensión y aterosclerosis,Pressão arterial alta e aterosclerose
Anxiety & Sleep Issues,Ansiedad y problemas de sueño,Ansiedade e problemas do sono
"Blisters, Bites, Burns, Bruising & Sprains","Ampollas, picaduras, quemaduras, moretones y esguinces","Bolhas, picadas, queimaduras, machucados e torções"